barra,year,month,month_label,voltage_kv,nodal_price_stress_score,system_adjusted_nodal_risk_score,monthly_nodal_stress_rank,due_diligence_tier,data_quality_score,low_information_flag,main_driver,mean_price,p95_price,volatility_metric,critical_window_hours,topology_evidence_grade
HUAYLLACHO 15,2023,1,2023-01,15.0,79.29,66.67,1.0,Priority A,1.0,False,Price level,0.1364,0.1806,0.0462,37.0,A
SAN ANTONIO 15,2023,1,2023-01,15.0,78.81,66.38,2.0,Priority B,1.0,False,Price level,0.1357,0.1797,0.046,37.0,A
SAN IGNACIO 15,2023,1,2023-01,15.0,78.81,66.38,2.0,Priority B,1.0,False,Price level,0.1357,0.1797,0.046,37.0,A
PLANTAETANOL 60,2023,1,2023-01,60.0,78.62,66.09,3.0,Priority A,1.0,False,Price level,0.1297,0.1699,0.0434,37.0,A
NCTUMBES60,2023,1,2023-01,60.0,77.32,65.9,4.0,Priority A,1.0,False,Price level,0.1297,0.1692,0.0434,37.0,A
ZORRITOS 220,2023,1,2023-01,220.0,76.2,65.7,5.0,Priority A,1.0,False,Price level,0.1295,0.1689,0.0433,37.0,A
TINTAYA EXISTENTE 138,2023,1,2023-01,138.0,75.62,65.51,6.0,Priority B,1.0,False,Price level,0.1306,0.1729,0.0442,37.0,A
TINTAYA NUEVA 220,2023,1,2023-01,220.0,75.08,65.31,7.0,Priority B,1.0,False,Price level,0.1301,0.1722,0.0441,37.0,A
MISAPUQUIO 33,2023,1,2023-01,33.0,74.91,64.92,9.0,Priority B,1.0,False,Stress premium,0.134,0.1773,0.0453,37.0,A
JULIACA10,2023,1,2023-01,10.0,74.44,64.72,10.0,Priority B,1.0,False,Price level,0.1292,0.1701,0.0436,37.0,A
GE1 33,2023,1,2023-01,33.0,71.88,63.73,15.0,Priority B,1.0,False,Price level,0.1282,0.1672,0.0429,37.0,A
PIURA OESTE 220,2023,1,2023-01,220.0,71.6,63.33,17.0,Priority B,1.0,False,Price level,0.1279,0.1668,0.0428,37.0,A
TALARA13.2,2023,1,2023-01,13.2,70.45,62.51,21.0,Priority B,1.0,False,Price level,0.1277,0.1666,0.0427,37.0,A
TALARA 220,2023,1,2023-01,220.0,69.72,62.1,23.0,Priority B,1.0,False,Price level,0.1277,0.1664,0.0427,37.0,A
GALLITO CIEGO 60,2023,1,2023-01,60.0,69.7,60.65,30.0,Priority B,1.0,False,Price level,0.1256,0.1642,0.0419,37.0,A
BELAUNDE 138,2023,1,2023-01,138.0,64.46,58.29,41.0,Priority B,1.0,False,Price level,0.1244,0.1626,0.0418,37.0,A
PARIAC 66,2023,1,2023-01,66.0,61.74,54.43,57.0,Priority B,1.0,False,Price level,0.1237,0.1608,0.0411,37.0,A
NCTUMBES60,2023,2,2023-02,60.0,86.95,57.74,1.0,Priority A,1.0,False,Price level,0.1362,0.1724,0.1098,33.5,A
ZORRITOS 220,2023,2,2023-02,220.0,86.6,57.57,2.0,Priority A,1.0,False,Price level,0.136,0.1721,0.1097,33.5,A
PLANTAETANOL 60,2023,2,2023-02,60.0,86.47,57.4,3.0,Priority A,1.0,False,Volatility,0.1346,0.1693,0.1096,33.5,A
GE1 33,2023,2,2023-02,33.0,85.59,57.24,4.0,Priority B,1.0,False,Price level,0.1348,0.17,0.1093,33.5,A
PIURA OESTE 220,2023,2,2023-02,220.0,85.62,57.07,5.0,Priority B,1.0,False,Price level,0.1342,0.1698,0.1092,33.5,A
TALARA13.2,2023,2,2023-02,13.2,84.68,56.9,6.0,Priority B,1.0,False,Price level,0.1343,0.1696,0.1091,33.5,A
GALLITO CIEGO 60,2023,2,2023-02,60.0,85.02,56.73,7.0,Priority B,1.0,False,Price level,0.132,0.1673,0.1072,33.5,A
TALARA 220,2023,2,2023-02,220.0,84.17,56.56,8.0,Priority B,1.0,False,Price level,0.1342,0.1695,0.1091,33.5,A
BELAUNDE 138,2023,2,2023-02,138.0,76.76,54.32,21.0,Priority B,1.0,False,Price level,0.1272,0.1653,0.0889,33.5,A
PARIAC 66,2023,2,2023-02,66.0,75.66,54.14,22.0,Priority B,1.0,False,Price level,0.1289,0.1644,0.0991,33.5,A
HUAYLLACHO 15,2023,2,2023-02,15.0,73.67,53.25,27.0,Priority A,1.0,False,Price level,0.1285,0.1746,0.0656,33.5,A
SAN ANTONIO 15,2023,2,2023-02,15.0,73.11,52.61,30.0,Priority B,1.0,False,Price level,0.1278,0.1737,0.0652,33.5,A
SAN IGNACIO 15,2023,2,2023-02,15.0,73.11,52.61,30.0,Priority B,1.0,False,Price level,0.1278,0.1737,0.0652,33.5,A
MISAPUQUIO 33,2023,2,2023-02,33.0,68.82,51.42,36.0,Priority B,1.0,False,Price level,0.1261,0.1713,0.0641,33.5,A
TINTAYA EXISTENTE 138,2023,2,2023-02,138.0,64.95,50.48,41.0,Priority B,1.0,False,Price level,0.123,0.1679,0.0625,33.5,A
TINTAYA NUEVA 220,2023,2,2023-02,220.0,63.81,49.52,46.0,Priority B,1.0,False,Price level,0.1225,0.1671,0.0622,33.5,A
JULIACA10,2023,2,2023-02,10.0,63.38,49.13,48.0,Priority B,1.0,False,Price level,0.122,0.1663,0.0619,33.5,A
NCTUMBES60,2023,3,2023-03,60.0,85.46,94.28,1.0,Priority A,1.0,False,Price level,0.1406,0.1766,0.1013,37.0,A
ZORRITOS 220,2023,3,2023-03,220.0,84.95,94.02,2.0,Priority A,1.0,False,Volatility,0.1404,0.1763,0.1012,37.0,A
GE1 33,2023,3,2023-03,33.0,83.11,93.75,3.0,Priority B,1.0,False,Price level,0.1392,0.1747,0.1005,37.0,A
TALARA13.2,2023,3,2023-03,13.2,81.97,93.48,4.0,Priority B,1.0,False,Price level,0.1386,0.1739,0.1001,37.0,A
PLANTAETANOL 60,2023,3,2023-03,60.0,81.26,93.22,5.0,Priority A,1.0,False,Price level,0.1387,0.1737,0.1003,37.0,A
TALARA 220,2023,3,2023-03,220.0,81.44,92.95,6.0,Priority B,1.0,False,Price level,0.1385,0.1738,0.1001,37.0,A
PIURA OESTE 220,2023,3,2023-03,220.0,80.19,92.68,7.0,Priority B,1.0,False,Volatility,0.1384,0.1733,0.1001,37.0,A
GALLITO CIEGO 60,2023,3,2023-03,60.0,77.38,92.14,9.0,Priority B,1.0,False,Volatility,0.1355,0.1708,0.098,37.0,A
PARIAC 66,2023,3,2023-03,66.0,77.6,91.87,10.0,Priority B,1.0,False,Volatility,0.1371,0.1729,0.0969,37.0,A
BELAUNDE 138,2023,3,2023-03,138.0,73.28,89.67,18.0,Priority B,1.0,False,Volatility,0.1346,0.1703,0.0967,37.0,A
HUAYLLACHO 15,2023,3,2023-03,15.0,73.92,87.98,24.0,Priority A,1.0,False,Price level,0.1451,0.1843,0.0843,37.0,A
SAN ANTONIO 15,2023,3,2023-03,15.0,73.14,86.98,27.0,Priority B,1.0,False,Price level,0.1443,0.1833,0.0838,37.0,A
SAN IGNACIO 15,2023,3,2023-03,15.0,73.14,86.98,27.0,Priority B,1.0,False,Price level,0.1443,0.1833,0.0838,37.0,A
MISAPUQUIO 33,2023,3,2023-03,33.0,70.99,83.91,37.0,Priority B,1.0,False,Price level,0.1424,0.1809,0.0824,37.0,A
TINTAYA EXISTENTE 138,2023,3,2023-03,138.0,64.12,76.44,61.0,Priority B,1.0,False,Price level,0.1391,0.1773,0.0803,37.0,A
TINTAYA NUEVA 220,2023,3,2023-03,220.0,63.26,76.11,62.0,Priority B,1.0,False,Price level,0.1386,0.1766,0.08,37.0,A
JULIACA10,2023,3,2023-03,10.0,59.37,72.41,73.0,Priority B,1.0,False,Price level,0.1377,0.1762,0.0794,37.0,A
HUAYLLACHO 15,2023,4,2023-04,15.0,84.76,91.29,1.0,Priority A,1.0,False,Volatility,0.1804,0.7299,0.1679,36.0,A
SAN ANTONIO 15,2023,4,2023-04,15.0,83.02,90.9,2.0,Priority B,1.0,False,Volatility,0.1794,0.7261,0.167,36.0,A
SAN IGNACIO 15,2023,4,2023-04,15.0,83.02,90.9,2.0,Priority B,1.0,False,Volatility,0.1794,0.7261,0.167,36.0,A
NCTUMBES60,2023,4,2023-04,60.0,81.35,90.5,3.0,Priority A,1.0,False,Price level,0.1728,0.6915,0.1606,36.0,A
ZORRITOS 220,2023,4,2023-04,220.0,80.54,90.24,4.0,Priority A,1.0,False,Volatility,0.1725,0.6903,0.1603,36.0,A
MISAPUQUIO 33,2023,4,2023-04,33.0,80.21,89.97,5.0,Priority B,1.0,False,Volatility,0.1772,0.7152,0.1648,36.0,A
TINTAYA EXISTENTE 138,2023,4,2023-04,138.0,82.74,89.71,6.0,Priority B,1.0,False,Volatility,0.1726,0.694,0.1601,36.0,A
GE1 33,2023,4,2023-04,33.0,78.28,89.44,7.0,Priority B,1.0,False,Volatility,0.1711,0.6844,0.1589,36.0,A
PLANTAETANOL 60,2023,4,2023-04,60.0,77.78,88.91,9.0,Priority A,1.0,False,Volatility,0.1703,0.6806,0.1581,36.0,A
TALARA13.2,2023,4,2023-04,13.2,75.75,88.64,10.0,Priority B,1.0,False,Volatility,0.1703,0.6813,0.1582,36.0,A
PIURA OESTE 220,2023,4,2023-04,220.0,76.06,88.37,11.0,Priority B,1.0,False,Volatility,0.17,0.6796,0.1579,36.0,A
TALARA 220,2023,4,2023-04,220.0,74.63,88.1,12.0,Priority B,1.0,False,Volatility,0.1702,0.6808,0.1581,36.0,A
TINTAYA NUEVA 220,2023,4,2023-04,220.0,78.88,87.83,13.0,Priority B,1.0,False,Price level,0.1719,0.6916,0.1596,36.0,A
JULIACA10,2023,4,2023-04,10.0,76.96,87.56,14.0,Priority B,1.0,False,Price level,0.1711,0.6905,0.159,36.0,A
BELAUNDE 138,2023,4,2023-04,138.0,69.64,84.52,25.0,Priority B,1.0,False,Volatility,0.165,0.6647,0.1557,36.0,A
PARIAC 66,2023,4,2023-04,66.0,69.48,83.38,29.0,Priority B,1.0,False,Price level,0.1671,0.6687,0.1557,36.0,A
GALLITO CIEGO 60,2023,4,2023-04,60.0,60.11,72.04,64.0,Priority B,1.0,False,Price level,0.1635,0.6471,0.151,36.0,A
HUAYLLACHO 15,2023,5,2023-05,15.0,85.7,98.6,1.0,Priority A,1.0,False,Volatility,0.2477,0.7323,0.2074,37.0,A
SAN ANTONIO 15,2023,5,2023-05,15.0,85.41,98.19,2.0,Priority B,1.0,False,Volatility,0.2464,0.7285,0.2063,37.0,A
SAN IGNACIO 15,2023,5,2023-05,15.0,85.41,98.19,2.0,Priority B,1.0,False,Volatility,0.2464,0.7285,0.2063,37.0,A
TINTAYA EXISTENTE 138,2023,5,2023-05,138.0,84.13,97.77,3.0,Priority B,1.0,False,Volatility,0.2378,0.7027,0.1993,37.0,A
MISAPUQUIO 33,2023,5,2023-05,33.0,83.56,97.49,4.0,Priority B,1.0,False,Volatility,0.2433,0.7183,0.2036,37.0,A
TINTAYA NUEVA 220,2023,5,2023-05,220.0,80.27,97.21,5.0,Priority B,1.0,False,Price level,0.237,0.7007,0.1986,37.0,A
JULIACA10,2023,5,2023-05,10.0,78.27,96.65,7.0,Priority B,1.0,False,Price level,0.2357,0.6967,0.1974,37.0,A
NCTUMBES60,2023,5,2023-05,60.0,78.91,96.37,8.0,Priority A,1.0,False,Price level,0.2319,0.7034,0.1971,37.0,A
ZORRITOS 220,2023,5,2023-05,220.0,78.23,95.81,10.0,Priority A,1.0,False,Price level,0.2315,0.7019,0.1967,37.0,A
GE1 33,2023,5,2023-05,33.0,74.05,92.64,21.0,Priority B,1.0,False,Price level,0.2294,0.6951,0.1949,37.0,A
PARIAC 66,2023,5,2023-05,66.0,71.92,92.05,23.0,Priority B,1.0,False,Price level,0.229,0.6894,0.1947,37.0,A
PLANTAETANOL 60,2023,5,2023-05,60.0,72.42,90.86,27.0,Priority A,1.0,False,Price level,0.2286,0.6921,0.194,37.0,A
TALARA13.2,2023,5,2023-05,13.2,71.39,90.26,29.0,Priority B,1.0,False,Price level,0.2282,0.6914,0.1939,37.0,A
PIURA OESTE 220,2023,5,2023-05,220.0,71.3,89.96,30.0,Priority B,1.0,False,Price level,0.2282,0.6907,0.1936,37.0,A
TALARA 220,2023,5,2023-05,220.0,70.95,89.66,31.0,Priority B,1.0,False,Price level,0.2281,0.691,0.1938,37.0,A
GALLITO CIEGO 60,2023,5,2023-05,60.0,71.01,88.44,35.0,Priority B,1.0,False,Price level,0.2236,0.6818,0.192,37.0,A
BELAUNDE 138,2023,5,2023-05,138.0,67.96,87.2,39.0,Priority B,1.0,False,Price level,0.2258,0.683,0.1917,37.0,A
HUAYLLACHO 15,2023,6,2023-06,15.0,85.69,79.93,1.0,Priority A,1.0,False,Volatility,0.3971,0.773,0.2631,36.0,A
SAN ANTONIO 15,2023,6,2023-06,15.0,85.09,79.59,2.0,Priority B,1.0,False,Volatility,0.3968,0.7725,0.2629,36.0,A
SAN IGNACIO 15,2023,6,2023-06,15.0,85.09,79.59,2.0,Priority B,1.0,False,Volatility,0.3968,0.7725,0.2629,36.0,A
MISAPUQUIO 33,2023,6,2023-06,33.0,83.96,79.02,4.0,Priority B,1.0,False,Volatility,0.3876,0.757,0.2567,36.0,A
TINTAYA EXISTENTE 138,2023,6,2023-06,138.0,83.25,78.79,5.0,Priority B,1.0,False,Volatility,0.3863,0.7566,0.2558,36.0,A
PARIAC 66,2023,6,2023-06,66.0,82.19,78.56,6.0,Priority B,1.0,False,Price level,0.3779,0.769,0.2529,36.0,A
TINTAYA NUEVA 220,2023,6,2023-06,220.0,82.83,78.32,7.0,Priority B,1.0,False,Volatility,0.3851,0.7545,0.255,36.0,A
JULIACA10,2023,6,2023-06,10.0,82.77,78.09,8.0,Priority B,1.0,False,Volatility,0.383,0.7496,0.253,36.0,A
NCTUMBES60,2023,6,2023-06,60.0,78.52,76.21,16.0,Priority A,1.0,False,Volatility,0.3725,0.7478,0.2504,36.0,A
ZORRITOS 220,2023,6,2023-06,220.0,78.77,75.97,17.0,Priority A,1.0,False,Volatility,0.3718,0.7462,0.2499,36.0,A
PLANTAETANOL 60,2023,6,2023-06,60.0,76.99,75.25,20.0,Priority A,1.0,False,Price level,0.3728,0.7608,0.2488,36.0,A
GE1 33,2023,6,2023-06,33.0,75.47,74.28,24.0,Priority B,1.0,False,Price level,0.3689,0.739,0.248,36.0,A
TALARA13.2,2023,6,2023-06,13.2,72.22,72.3,32.0,Priority B,1.0,False,Price level,0.3668,0.7348,0.2464,36.0,A
PIURA OESTE 220,2023,6,2023-06,220.0,71.22,72.05,33.0,Priority B,1.0,False,Price level,0.3672,0.7346,0.2465,36.0,A
TALARA 220,2023,6,2023-06,220.0,71.64,71.8,34.0,Priority B,1.0,False,Price level,0.3666,0.7345,0.2463,36.0,A
GALLITO CIEGO 60,2023,6,2023-06,60.0,68.7,70.26,40.0,Priority B,1.0,False,Price level,0.3666,0.7334,0.2453,36.0,A
BELAUNDE 138,2023,6,2023-06,138.0,69.35,70.0,41.0,Priority B,1.0,False,Price level,0.3661,0.7296,0.2455,36.0,A
HUAYLLACHO 15,2023,7,2023-07,15.0,83.3,81.65,1.0,Priority A,1.0,False,Volatility,0.6346,0.8913,0.3017,37.0,A
PARIAC 66,2023,7,2023-07,66.0,83.63,81.42,2.0,Priority B,1.0,False,Price level,0.6206,0.9291,0.3123,37.0,A
PLANTAETANOL 60,2023,7,2023-07,60.0,82.76,80.95,4.0,Priority A,1.0,False,Price level,0.6178,0.9238,0.3063,37.0,A
SAN ANTONIO 15,2023,7,2023-07,15.0,82.41,80.6,5.0,Priority B,1.0,False,Volatility,0.634,0.8905,0.3014,37.0,A
SAN IGNACIO 15,2023,7,2023-07,15.0,82.41,80.6,5.0,Priority B,1.0,False,Volatility,0.634,0.8905,0.3014,37.0,A
NCTUMBES60,2023,7,2023-07,60.0,80.14,80.25,6.0,Priority A,1.0,False,Price level,0.6084,0.911,0.3018,37.0,A
ZORRITOS 220,2023,7,2023-07,220.0,79.9,80.01,7.0,Priority A,1.0,False,Price level,0.6078,0.9118,0.3018,37.0,A
BELAUNDE 138,2023,7,2023-07,138.0,78.39,79.77,8.0,Priority B,1.0,False,Price level,0.6047,0.8979,0.301,37.0,A
GALLITO CIEGO 60,2023,7,2023-07,60.0,80.01,79.53,9.0,Priority B,1.0,False,Volatility,0.6045,0.8912,0.301,37.0,A
MISAPUQUIO 33,2023,7,2023-07,33.0,78.06,79.06,11.0,Priority B,1.0,False,Volatility,0.6197,0.8703,0.2946,37.0,A
TINTAYA EXISTENTE 138,2023,7,2023-07,138.0,77.26,78.58,13.0,Priority B,1.0,False,Volatility,0.6176,0.8684,0.2938,37.0,A
GE1 33,2023,7,2023-07,33.0,76.22,78.33,14.0,Priority B,1.0,False,Price level,0.6014,0.8996,0.2982,37.0,A
TINTAYA NUEVA 220,2023,7,2023-07,220.0,76.46,78.09,15.0,Priority B,1.0,False,Volatility,0.6159,0.8657,0.2929,37.0,A
PIURA OESTE 220,2023,7,2023-07,220.0,75.89,77.85,16.0,Priority B,1.0,False,Price level,0.6006,0.9004,0.2988,37.0,A
JULIACA10,2023,7,2023-07,10.0,75.21,77.36,18.0,Priority B,1.0,False,Volatility,0.6123,0.857,0.2906,37.0,A
TALARA13.2,2023,7,2023-07,13.2,74.4,76.87,20.0,Priority B,1.0,False,Price level,0.5988,0.8956,0.2966,37.0,A
TALARA 220,2023,7,2023-07,220.0,74.4,76.62,21.0,Priority B,1.0,False,Price level,0.5984,0.8962,0.2968,37.0,A
PLANTAETANOL 60,2023,8,2023-08,60.0,79.23,100.0,1.0,Priority A,1.0,False,Price level,0.7201,0.9738,0.304,37.0,A
PARIAC 66,2023,8,2023-08,66.0,78.81,99.72,2.0,Priority B,1.0,False,Price level,0.7249,0.9755,0.3078,37.0,A
NCTUMBES60,2023,8,2023-08,60.0,79.11,98.86,5.0,Priority A,1.0,False,Price level,0.7043,0.9496,0.2971,37.0,A
ZORRITOS 220,2023,8,2023-08,220.0,78.94,98.57,6.0,Priority A,1.0,False,Price level,0.7031,0.9467,0.2966,37.0,A
HUAYLLACHO 15,2023,8,2023-08,15.0,79.29,98.28,7.0,Priority A,1.0,False,Price level,0.7396,0.9738,0.3092,37.0,A
SAN ANTONIO 15,2023,8,2023-08,15.0,78.69,97.26,10.0,Priority B,1.0,False,Price level,0.7389,0.9728,0.309,37.0,A
SAN IGNACIO 15,2023,8,2023-08,15.0,78.69,97.26,10.0,Priority B,1.0,False,Price level,0.7389,0.9728,0.309,37.0,A
BELAUNDE 138,2023,8,2023-08,138.0,76.11,96.82,11.0,Priority B,1.0,False,Price level,0.7056,0.9537,0.2991,37.0,A
GALLITO CIEGO 60,2023,8,2023-08,60.0,76.03,95.64,15.0,Priority B,1.0,False,Volatility,0.7003,0.9353,0.2963,37.0,A
GE1 33,2023,8,2023-08,33.0,75.44,95.35,16.0,Priority B,1.0,False,Price level,0.697,0.9376,0.2942,37.0,A
MISAPUQUIO 33,2023,8,2023-08,33.0,75.38,95.05,17.0,Priority B,1.0,False,Price level,0.7221,0.9485,0.3022,37.0,A
JULIACA10,2023,8,2023-08,10.0,74.1,94.75,18.0,Priority B,1.0,False,Price level,0.7147,0.9398,0.2986,37.0,A
TINTAYA EXISTENTE 138,2023,8,2023-08,138.0,74.25,94.45,19.0,Priority B,1.0,False,Stress premium,0.7204,0.9462,0.3017,37.0,A
PIURA OESTE 220,2023,8,2023-08,220.0,70.43,93.84,21.0,Priority B,1.0,False,Price level,0.6952,0.9344,0.2936,37.0,A
TINTAYA NUEVA 220,2023,8,2023-08,220.0,73.69,93.54,22.0,Priority B,1.0,False,Stress premium,0.7184,0.9436,0.3009,37.0,A
TALARA13.2,2023,8,2023-08,13.2,72.55,92.63,25.0,Priority B,1.0,False,Price level,0.6929,0.9321,0.2923,37.0,A
TALARA 220,2023,8,2023-08,220.0,72.1,92.32,26.0,Priority B,1.0,False,Price level,0.6928,0.9321,0.2922,37.0,A
HUAYLLACHO 15,2023,9,2023-09,15.0,81.21,92.8,1.0,Priority A,1.0,False,Volatility,0.8019,0.9851,0.2371,36.0,A
SAN ANTONIO 15,2023,9,2023-09,15.0,80.5,91.87,4.0,Priority B,1.0,False,Volatility,0.8012,0.9841,0.2369,36.0,A
SAN IGNACIO 15,2023,9,2023-09,15.0,80.5,91.87,4.0,Priority B,1.0,False,Volatility,0.8012,0.9841,0.2369,36.0,A
MISAPUQUIO 33,2023,9,2023-09,33.0,81.48,91.47,5.0,Priority B,1.0,False,Volatility,0.7828,0.9579,0.2311,36.0,A
PLANTAETANOL 60,2023,9,2023-09,60.0,83.2,91.2,6.0,Priority A,1.0,False,Price level,0.7809,0.9757,0.2356,36.0,A
PARIAC 66,2023,9,2023-09,66.0,79.73,90.93,7.0,Priority B,1.0,False,Price level,0.7832,0.9869,0.2354,36.0,A
TINTAYA EXISTENTE 138,2023,9,2023-09,138.0,80.44,90.66,8.0,Priority B,1.0,False,Volatility,0.7803,0.954,0.2305,36.0,A
TINTAYA NUEVA 220,2023,9,2023-09,220.0,79.6,90.12,10.0,Priority B,1.0,False,Volatility,0.7783,0.9516,0.2298,36.0,A
JULIACA10,2023,9,2023-09,10.0,74.95,89.03,14.0,Priority B,1.0,False,Volatility,0.7768,0.9516,0.2296,36.0,A
BELAUNDE 138,2023,9,2023-09,138.0,76.05,88.75,15.0,Priority B,1.0,False,Price level,0.7642,0.959,0.2295,36.0,A
NCTUMBES60,2023,9,2023-09,60.0,76.08,88.2,17.0,Priority A,1.0,False,Price level,0.765,0.9575,0.2311,36.0,A
ZORRITOS 220,2023,9,2023-09,220.0,74.82,86.8,22.0,Priority A,1.0,False,Price level,0.7636,0.9554,0.2306,36.0,A
GALLITO CIEGO 60,2023,9,2023-09,60.0,70.37,85.38,27.0,Priority B,1.0,False,Price level,0.7589,0.9461,0.2281,36.0,A
GE1 33,2023,9,2023-09,33.0,70.49,84.52,30.0,Priority B,1.0,False,Price level,0.7573,0.9464,0.2285,36.0,A
PIURA OESTE 220,2023,9,2023-09,220.0,68.71,82.76,36.0,Priority B,1.0,False,Price level,0.754,0.9425,0.2274,36.0,A
TALARA 220,2023,9,2023-09,220.0,67.9,82.17,38.0,Priority B,1.0,False,Price level,0.7526,0.9407,0.2271,36.0,A
TALARA13.2,2023,9,2023-09,13.2,60.04,72.02,70.0,Priority B,1.0,False,Price level,0.7271,0.9411,0.2527,36.0,A
HUAYLLACHO 15,2023,10,2023-10,15.0,84.11,88.19,1.0,Priority A,1.0,False,Volatility,0.175,0.1981,0.1267,37.0,A
SAN ANTONIO 15,2023,10,2023-10,15.0,83.43,87.82,2.0,Priority B,1.0,False,Volatility,0.1749,0.198,0.1266,37.0,A
SAN IGNACIO 15,2023,10,2023-10,15.0,83.43,87.82,2.0,Priority B,1.0,False,Volatility,0.1749,0.198,0.1266,37.0,A
MISAPUQUIO 33,2023,10,2023-10,33.0,81.68,86.93,5.0,Priority B,1.0,False,Price level,0.1709,0.1948,0.1238,37.0,A
TINTAYA EXISTENTE 138,2023,10,2023-10,138.0,81.24,86.68,6.0,Priority B,1.0,False,Volatility,0.1702,0.1938,0.1235,37.0,A
TINTAYA NUEVA 220,2023,10,2023-10,220.0,80.51,86.42,7.0,Priority B,1.0,False,Volatility,0.1697,0.1933,0.1229,37.0,A
JULIACA10,2023,10,2023-10,10.0,79.35,85.65,10.0,Priority B,1.0,False,Price level,0.1691,0.1927,0.1218,37.0,A
PLANTAETANOL 60,2023,10,2023-10,60.0,72.69,78.66,36.0,Priority A,1.0,False,Volatility,0.1662,0.1894,0.1174,37.0,A
NCTUMBES60,2023,10,2023-10,60.0,69.13,76.38,44.0,Priority A,1.0,False,Volatility,0.1623,0.1867,0.1162,37.0,A
PARIAC 66,2023,10,2023-10,66.0,69.19,76.09,45.0,Priority B,1.0,False,Price level,0.1621,0.1925,0.1139,37.0,A
ZORRITOS 220,2023,10,2023-10,220.0,68.41,75.21,48.0,Priority A,1.0,False,Volatility,0.162,0.1863,0.116,37.0,A
GE1 33,2023,10,2023-10,33.0,65.57,74.32,51.0,Priority B,1.0,False,Volatility,0.1607,0.1847,0.1154,37.0,A
TALARA13.2,2023,10,2023-10,13.2,64.59,73.43,54.0,Priority B,1.0,False,Volatility,0.1599,0.1835,0.1146,37.0,A
TALARA 220,2023,10,2023-10,220.0,63.98,72.82,56.0,Priority B,1.0,False,Volatility,0.1598,0.1834,0.1145,37.0,A
PIURA OESTE 220,2023,10,2023-10,220.0,63.92,72.52,57.0,Priority B,1.0,False,Volatility,0.1602,0.1834,0.1144,37.0,A
BELAUNDE 138,2023,10,2023-10,138.0,63.76,72.21,58.0,Priority B,1.0,False,Volatility,0.1596,0.1851,0.112,37.0,A
GALLITO CIEGO 60,2023,10,2023-10,60.0,63.11,71.6,60.0,Priority B,1.0,False,Volatility,0.1601,0.1831,0.1109,37.0,A
HUAYLLACHO 15,2023,11,2023-11,15.0,84.07,95.74,1.0,Priority A,1.0,False,Price level,0.1318,0.1759,0.0238,36.0,A
SAN ANTONIO 15,2023,11,2023-11,15.0,83.53,95.36,2.0,Priority B,1.0,False,Price level,0.1317,0.1757,0.0238,36.0,A
SAN IGNACIO 15,2023,11,2023-11,15.0,83.53,95.36,2.0,Priority B,1.0,False,Price level,0.1317,0.1757,0.0238,36.0,A
PLANTAETANOL 60,2023,11,2023-11,60.0,81.36,94.98,3.0,Priority A,1.0,False,Price level,0.1311,0.1775,0.0233,36.0,A
PARIAC 66,2023,11,2023-11,66.0,80.62,94.72,4.0,Priority B,1.0,False,Price level,0.125,0.1706,0.0236,36.0,A
NCTUMBES60,2023,11,2023-11,60.0,79.01,94.47,5.0,Priority A,1.0,False,Price level,0.127,0.1691,0.023,36.0,A
ZORRITOS 220,2023,11,2023-11,220.0,78.88,94.21,6.0,Priority A,1.0,False,Price level,0.1269,0.1691,0.023,36.0,A
TINTAYA EXISTENTE 138,2023,11,2023-11,138.0,80.82,93.95,7.0,Priority B,1.0,False,Stress premium,0.1276,0.1708,0.0231,36.0,A
TINTAYA NUEVA 220,2023,11,2023-11,220.0,80.25,93.69,8.0,Priority B,1.0,False,Stress premium,0.1272,0.1704,0.023,36.0,A
MISAPUQUIO 33,2023,11,2023-11,33.0,79.56,93.44,9.0,Priority B,1.0,False,Price level,0.1287,0.1719,0.0232,36.0,A
GE1 33,2023,11,2023-11,33.0,76.11,93.18,10.0,Priority B,1.0,False,Price level,0.1257,0.1673,0.0229,36.0,A
JULIACA10,2023,11,2023-11,10.0,78.69,92.91,11.0,Priority B,1.0,False,Price level,0.1266,0.1698,0.0231,36.0,A
BELAUNDE 138,2023,11,2023-11,138.0,74.72,92.13,14.0,Priority B,1.0,False,Price level,0.1232,0.1644,0.0229,36.0,A
TALARA13.2,2023,11,2023-11,13.2,73.74,91.86,15.0,Priority B,1.0,False,Price level,0.1249,0.1661,0.0227,36.0,A
TALARA 220,2023,11,2023-11,220.0,73.5,91.6,16.0,Priority B,1.0,False,Price level,0.1249,0.1663,0.0227,36.0,A
PIURA OESTE 220,2023,11,2023-11,220.0,71.66,90.54,20.0,Priority B,1.0,False,Price level,0.1248,0.1658,0.0227,36.0,A
GALLITO CIEGO 60,2023,11,2023-11,60.0,72.17,89.19,25.0,Priority B,1.0,False,Price level,0.1228,0.1647,0.0227,36.0,A
PLANTAETANOL 60,2023,12,2023-12,60.0,81.19,40.82,1.0,Priority A,1.0,False,Price level,0.1135,0.158,0.0337,37.0,A
PARIAC 66,2023,12,2023-12,66.0,80.62,40.71,2.0,Priority B,1.0,False,Price level,0.1122,0.1598,0.0341,37.0,A
ZORRITOS 220,2023,12,2023-12,220.0,79.55,40.6,3.0,Priority A,1.0,False,Price level,0.1121,0.16,0.0338,37.0,A
NCTUMBES60,2023,12,2023-12,60.0,79.48,40.48,4.0,Priority A,1.0,False,Price level,0.1121,0.1601,0.0338,37.0,A
GE1 33,2023,12,2023-12,33.0,78.47,40.37,5.0,Priority B,1.0,False,Price level,0.1103,0.1562,0.0331,37.0,A
TALARA 220,2023,12,2023-12,220.0,76.59,40.25,6.0,Priority B,1.0,False,Price level,0.1093,0.1549,0.0329,37.0,A
PIURA OESTE 220,2023,12,2023-12,220.0,76.03,40.13,7.0,Priority B,1.0,False,Price level,0.1087,0.1539,0.0327,37.0,A
TALARA13.2,2023,12,2023-12,13.2,75.52,40.02,8.0,Priority B,1.0,False,Price level,0.1091,0.1546,0.0328,37.0,A
GALLITO CIEGO 60,2023,12,2023-12,60.0,66.28,39.08,14.0,Priority B,1.0,False,Stress premium,0.1042,0.1481,0.0316,37.0,A
BELAUNDE 138,2023,12,2023-12,138.0,67.39,38.96,15.0,Priority B,1.0,False,Price level,0.1049,0.1497,0.0324,37.0,A
HUAYLLACHO 15,2023,12,2023-12,15.0,70.29,37.12,30.0,Priority A,1.0,False,Price level,0.1153,0.1637,0.0332,37.0,A
SAN ANTONIO 15,2023,12,2023-12,15.0,69.84,36.81,32.0,Priority B,1.0,False,Price level,0.1149,0.1632,0.0331,37.0,A
SAN IGNACIO 15,2023,12,2023-12,15.0,69.84,36.81,32.0,Priority B,1.0,False,Price level,0.1149,0.1632,0.0331,37.0,A
TINTAYA EXISTENTE 138,2023,12,2023-12,138.0,67.29,36.36,35.0,Priority B,1.0,False,Price level,0.1109,0.1573,0.0319,37.0,A
TINTAYA NUEVA 220,2023,12,2023-12,220.0,66.22,35.85,39.0,Priority B,1.0,False,Price level,0.1105,0.1567,0.0317,37.0,A
MISAPUQUIO 33,2023,12,2023-12,33.0,65.69,35.45,42.0,Priority B,1.0,False,Price level,0.1116,0.1578,0.032,37.0,A
JULIACA10,2023,12,2023-12,10.0,63.58,35.06,45.0,Priority B,1.0,False,Price level,0.11,0.1564,0.0317,37.0,A
PLANTAETANOL 60,2024,1,2024-01,60.0,89.94,16.67,1.0,Priority A,1.0,False,Price level,0.1342,0.1937,0.1268,37.0,A
NCTUMBES60,2024,1,2024-01,60.0,86.66,16.62,2.0,Priority A,1.0,False,Price level,0.133,0.1924,0.1249,37.0,A
ZORRITOS 220,2024,1,2024-01,220.0,86.11,16.57,3.0,Priority A,1.0,False,Price level,0.1328,0.1921,0.1248,37.0,A
GE1 33,2024,1,2024-01,33.0,85.87,16.53,4.0,Priority B,1.0,False,Price level,0.1321,0.1911,0.1247,37.0,A
TALARA 220,2024,1,2024-01,220.0,85.02,16.48,5.0,Priority B,1.0,False,Volatility,0.131,0.1893,0.1237,37.0,A
TALARA13.2,2024,1,2024-01,13.2,84.75,16.43,6.0,Priority B,1.0,False,Volatility,0.1308,0.189,0.1235,37.0,A
PIURA OESTE 220,2024,1,2024-01,220.0,83.57,16.39,7.0,Priority B,1.0,False,Volatility,0.13,0.1879,0.1229,37.0,A
PARIAC 66,2024,1,2024-01,66.0,80.21,16.29,9.0,Priority B,1.0,False,Price level,0.1306,0.1944,0.1194,37.0,A
HUAYLLACHO 15,2024,1,2024-01,15.0,80.71,16.25,10.0,Priority A,1.0,False,Price level,0.1334,0.1974,0.1183,37.0,A
SAN ANTONIO 15,2024,1,2024-01,15.0,79.98,16.03,14.0,Priority B,1.0,False,Price level,0.133,0.1969,0.118,37.0,A
SAN IGNACIO 15,2024,1,2024-01,15.0,79.98,16.03,14.0,Priority B,1.0,False,Price level,0.133,0.1969,0.118,37.0,A
JAEN 138,2024,1,2024-01,138.0,75.48,15.77,19.0,Priority B,1.0,False,Volatility,0.1221,0.1841,0.1193,37.0,A
GALLITO CIEGO 60,2024,1,2024-01,60.0,73.56,15.72,20.0,Priority B,1.0,False,Volatility,0.1243,0.1807,0.1185,37.0,A
BELAUNDE 138,2024,1,2024-01,138.0,74.14,15.67,21.0,Priority B,1.0,False,Volatility,0.1224,0.1821,0.1152,37.0,A
TINTAYA EXISTENTE 138,2024,1,2024-01,138.0,76.07,15.62,22.0,Priority B,1.0,False,Price level,0.1281,0.1896,0.1136,37.0,A
MISAPUQUIO 33,2024,1,2024-01,33.0,76.22,15.57,23.0,Priority B,1.0,False,Price level,0.129,0.19,0.1144,37.0,A
TINTAYA NUEVA 220,2024,1,2024-01,220.0,75.36,15.52,24.0,Priority B,1.0,False,Price level,0.1277,0.1889,0.1132,37.0,A
JULIACA10,2024,1,2024-01,10.0,75.22,15.47,25.0,Priority B,1.0,False,Price level,0.1271,0.1884,0.1127,37.0,A
NCTUMBES60,2024,2,2024-02,60.0,87.1,44.1,1.0,Priority A,1.0,False,Price level,0.1584,0.2017,0.1674,35.0,A
PLANTAETANOL 60,2024,2,2024-02,60.0,87.02,43.98,2.0,Priority A,1.0,False,Price level,0.1597,0.204,0.1694,35.0,A
ZORRITOS 220,2024,2,2024-02,220.0,86.55,43.85,3.0,Priority A,1.0,False,Price level,0.1581,0.2013,0.1673,35.0,A
GE1 33,2024,2,2024-02,33.0,86.0,43.73,4.0,Priority B,1.0,False,Volatility,0.1577,0.2007,0.1672,35.0,A
TALARA 220,2024,2,2024-02,220.0,85.39,43.61,5.0,Priority B,1.0,False,Volatility,0.1564,0.1988,0.1663,35.0,A
TALARA13.2,2024,2,2024-02,13.2,84.92,43.49,6.0,Priority B,1.0,False,Volatility,0.1562,0.1985,0.1661,35.0,A
PIURA OESTE 220,2024,2,2024-02,220.0,84.51,43.37,7.0,Priority B,1.0,False,Volatility,0.1552,0.197,0.1655,35.0,A
GALLITO CIEGO 60,2024,2,2024-02,60.0,80.44,42.25,15.0,Priority B,1.0,False,Volatility,0.1488,0.1884,0.1605,35.0,A
JAEN 138,2024,2,2024-02,138.0,81.06,42.12,16.0,Priority B,1.0,False,Price level,0.1491,0.1923,0.1503,35.0,A
PARIAC 66,2024,2,2024-02,66.0,81.57,42.0,17.0,Priority B,1.0,False,Price level,0.1481,0.2014,0.1283,35.0,A
HUAYLLACHO 15,2024,2,2024-02,15.0,79.31,41.87,18.0,Priority A,1.0,False,Price level,0.1494,0.1992,0.1294,35.0,A
SAN ANTONIO 15,2024,2,2024-02,15.0,78.45,41.42,21.0,Priority B,1.0,False,Price level,0.1489,0.1986,0.1291,35.0,A
SAN IGNACIO 15,2024,2,2024-02,15.0,78.45,41.42,21.0,Priority B,1.0,False,Price level,0.1489,0.1986,0.1291,35.0,A
BELAUNDE 138,2024,2,2024-02,138.0,76.73,41.1,23.0,Priority B,1.0,False,Price level,0.1452,0.1907,0.1363,35.0,A
MISAPUQUIO 33,2024,2,2024-02,33.0,72.98,40.19,30.0,Priority B,1.0,False,Price level,0.1445,0.192,0.1255,35.0,A
TINTAYA EXISTENTE 138,2024,2,2024-02,138.0,72.1,39.66,34.0,Priority B,1.0,False,Price level,0.1436,0.1911,0.1244,35.0,A
JULIACA10,2024,2,2024-02,10.0,71.42,39.52,35.0,Priority B,1.0,False,Price level,0.1424,0.1901,0.1234,35.0,A
TINTAYA NUEVA 220,2024,2,2024-02,220.0,71.57,39.25,37.0,Priority B,1.0,False,Price level,0.1431,0.1905,0.124,35.0,A
PLANTAETANOL 60,2024,3,2024-03,60.0,87.44,70.71,1.0,Priority A,1.0,False,Price level,0.1112,0.1626,0.0511,37.0,A
NCTUMBES60,2024,3,2024-03,60.0,86.49,70.53,2.0,Priority A,1.0,False,Price level,0.1109,0.1621,0.051,37.0,A
ZORRITOS 220,2024,3,2024-03,220.0,86.08,70.35,3.0,Priority A,1.0,False,Price level,0.1108,0.1618,0.0509,37.0,A
GE1 33,2024,3,2024-03,33.0,85.47,70.16,4.0,Priority B,1.0,False,Price level,0.1101,0.1607,0.0507,37.0,A
TALARA 220,2024,3,2024-03,220.0,84.98,69.98,5.0,Priority B,1.0,False,Volatility,0.1094,0.1595,0.0505,37.0,A
PIURA OESTE 220,2024,3,2024-03,220.0,84.79,69.8,6.0,Priority B,1.0,False,Volatility,0.1088,0.1589,0.0503,37.0,A
TALARA13.2,2024,3,2024-03,13.2,84.55,69.61,7.0,Priority B,1.0,False,Volatility,0.1093,0.1593,0.0504,37.0,A
PARIAC 66,2024,3,2024-03,66.0,80.68,69.43,8.0,Priority B,1.0,False,Price level,0.1119,0.1623,0.0426,37.0,A
HUAYLLACHO 15,2024,3,2024-03,15.0,76.89,69.06,10.0,Priority A,1.0,False,Price level,0.1099,0.1575,0.0405,37.0,A
GALLITO CIEGO 60,2024,3,2024-03,60.0,76.2,68.31,13.0,Priority B,1.0,False,Price level,0.1042,0.1544,0.0401,37.0,A
SAN ANTONIO 15,2024,3,2024-03,15.0,76.26,67.65,16.0,Priority B,1.0,False,Price level,0.1096,0.1571,0.0404,37.0,A
SAN IGNACIO 15,2024,3,2024-03,15.0,76.26,67.65,16.0,Priority B,1.0,False,Price level,0.1096,0.1571,0.0404,37.0,A
BELAUNDE 138,2024,3,2024-03,138.0,72.61,66.02,24.0,Priority B,1.0,False,Price level,0.1041,0.1533,0.0401,37.0,A
TINTAYA EXISTENTE 138,2024,3,2024-03,138.0,69.8,65.24,28.0,Priority B,1.0,False,Price level,0.1058,0.1514,0.0389,37.0,A
JULIACA10,2024,3,2024-03,10.0,69.55,64.45,32.0,Priority B,1.0,False,Price level,0.1054,0.1508,0.0389,37.0,A
MISAPUQUIO 33,2024,3,2024-03,33.0,69.6,64.25,33.0,Priority B,1.0,False,Price level,0.1063,0.1522,0.0391,37.0,A
TINTAYA NUEVA 220,2024,3,2024-03,220.0,67.98,64.05,34.0,Priority B,1.0,False,Price level,0.1054,0.151,0.0388,37.0,A
JAEN 138,2024,3,2024-03,138.0,67.63,62.43,42.0,Priority B,1.0,False,Price level,0.1043,0.1542,0.0414,37.0,A
HUAYLLACHO 15,2024,4,2024-04,15.0,83.08,55.28,1.0,Priority A,1.0,False,Price level,0.1051,0.1563,0.0535,36.0,A
SAN ANTONIO 15,2024,4,2024-04,15.0,82.72,55.07,2.0,Priority B,1.0,False,Price level,0.1048,0.1559,0.0534,36.0,A
SAN IGNACIO 15,2024,4,2024-04,15.0,82.72,55.07,2.0,Priority B,1.0,False,Price level,0.1048,0.1559,0.0534,36.0,A
PARIAC 66,2024,4,2024-04,66.0,80.5,54.85,3.0,Priority B,1.0,False,Price level,0.1032,0.1528,0.0525,36.0,A
PLANTAETANOL 60,2024,4,2024-04,60.0,79.96,54.71,4.0,Priority A,1.0,False,Price level,0.1009,0.1503,0.0519,36.0,A
JULIACA10,2024,4,2024-04,10.0,80.59,54.57,5.0,Priority B,1.0,False,Price level,0.1008,0.15,0.0513,36.0,A
TINTAYA EXISTENTE 138,2024,4,2024-04,138.0,80.69,54.43,6.0,Priority B,1.0,False,Price level,0.1013,0.1499,0.0515,36.0,A
TINTAYA NUEVA 220,2024,4,2024-04,220.0,79.86,54.29,7.0,Priority B,1.0,False,Price level,0.1009,0.1494,0.0513,36.0,A
MISAPUQUIO 33,2024,4,2024-04,33.0,78.53,54.14,8.0,Priority B,1.0,False,Price level,0.1017,0.1506,0.0517,36.0,A
NCTUMBES60,2024,4,2024-04,60.0,75.8,52.69,18.0,Priority A,1.0,False,Price level,0.1007,0.1487,0.0507,36.0,A
ZORRITOS 220,2024,4,2024-04,220.0,74.96,51.95,23.0,Priority A,1.0,False,Price level,0.1005,0.1484,0.0506,36.0,A
GE1 33,2024,4,2024-04,33.0,71.91,50.13,34.0,Priority B,1.0,False,Price level,0.0997,0.1469,0.0501,36.0,A
JAEN 138,2024,4,2024-04,138.0,70.03,49.5,38.0,Priority B,1.0,False,Price level,0.0974,0.1454,0.0503,36.0,A
TALARA 220,2024,4,2024-04,220.0,69.75,49.19,40.0,Priority B,1.0,False,Price level,0.0992,0.1464,0.05,36.0,A
PIURA OESTE 220,2024,4,2024-04,220.0,69.91,48.87,42.0,Priority B,1.0,False,Price level,0.0989,0.1459,0.0499,36.0,A
TALARA13.2,2024,4,2024-04,13.2,68.76,48.55,44.0,Priority B,1.0,False,Price level,0.0991,0.1462,0.0499,36.0,A
GALLITO CIEGO 60,2024,4,2024-04,60.0,67.65,48.07,47.0,Priority B,1.0,False,Volatility,0.0978,0.1451,0.0501,36.0,A
BELAUNDE 138,2024,4,2024-04,138.0,66.75,47.75,49.0,Priority B,1.0,False,Price level,0.097,0.1443,0.0498,36.0,A
NCTUMBES60,2024,5,2024-05,60.0,84.63,64.55,1.0,Priority A,1.0,False,Price level,0.1276,0.1545,0.1035,37.0,A
ZORRITOS 220,2024,5,2024-05,220.0,84.5,64.39,2.0,Priority A,1.0,False,Price level,0.1274,0.1542,0.1034,37.0,A
PLANTAETANOL 60,2024,5,2024-05,60.0,87.73,64.22,3.0,Priority A,1.0,False,Price level,0.1233,0.1546,0.0853,37.0,A
TALARA 220,2024,5,2024-05,220.0,83.3,64.06,4.0,Priority B,1.0,False,Volatility,0.126,0.1523,0.1027,37.0,A
TALARA13.2,2024,5,2024-05,13.2,83.2,63.89,5.0,Priority B,1.0,False,Volatility,0.1258,0.1519,0.1027,37.0,A
PIURA OESTE 220,2024,5,2024-05,220.0,83.24,63.73,6.0,Priority B,1.0,False,Volatility,0.1261,0.1527,0.1027,37.0,A
GE1 33,2024,5,2024-05,33.0,83.21,63.56,7.0,Priority B,1.0,False,Price level,0.1262,0.1528,0.1025,37.0,A
PARIAC 66,2024,5,2024-05,66.0,81.33,63.06,10.0,Priority B,1.0,False,Price level,0.1152,0.1532,0.0133,37.0,A
HUAYLLACHO 15,2024,5,2024-05,15.0,77.03,62.89,11.0,Priority A,1.0,False,Price level,0.1179,0.1572,0.0134,37.0,A
SAN ANTONIO 15,2024,5,2024-05,15.0,76.47,62.64,12.0,Priority B,1.0,False,Price level,0.1176,0.1568,0.0134,37.0,A
SAN IGNACIO 15,2024,5,2024-05,15.0,76.47,62.64,12.0,Priority B,1.0,False,Price level,0.1176,0.1568,0.0134,37.0,A
TINTAYA EXISTENTE 138,2024,5,2024-05,138.0,72.76,61.87,15.0,Priority B,1.0,False,Price level,0.1137,0.1513,0.013,37.0,A
TINTAYA NUEVA 220,2024,5,2024-05,220.0,71.9,61.36,18.0,Priority B,1.0,False,Price level,0.1133,0.1507,0.0129,37.0,A
MISAPUQUIO 33,2024,5,2024-05,33.0,70.99,61.01,20.0,Priority B,1.0,False,Stress premium,0.1142,0.1522,0.0129,37.0,A
BELAUNDE 138,2024,5,2024-05,138.0,72.98,60.84,21.0,Priority B,1.0,False,Price level,0.1079,0.1447,0.0127,37.0,A
JAEN 138,2024,5,2024-05,138.0,70.39,60.66,22.0,Priority B,1.0,False,Price level,0.1079,0.1455,0.0128,37.0,A
JULIACA10,2024,5,2024-05,10.0,69.9,60.49,23.0,Priority B,1.0,False,Price level,0.1132,0.1514,0.013,37.0,A
GALLITO CIEGO 60,2024,5,2024-05,60.0,70.16,60.32,24.0,Priority B,1.0,False,Price level,0.1095,0.1458,0.013,37.0,A
PLANTAETANOL 60,2024,6,2024-06,60.0,81.91,37.27,1.0,Priority A,1.0,False,Volatility,0.189,0.7684,0.1913,36.0,A
ZORRITOS 220,2024,6,2024-06,220.0,80.86,37.17,2.0,Priority A,1.0,False,Volatility,0.1858,0.7642,0.1892,36.0,A
NCTUMBES60,2024,6,2024-06,60.0,76.36,37.07,3.0,Priority A,1.0,False,Volatility,0.186,0.7643,0.1892,35.5,A
PIURA OESTE 220,2024,6,2024-06,220.0,80.17,36.97,4.0,Priority B,1.0,False,Volatility,0.1845,0.7629,0.189,36.0,A
GE1 33,2024,6,2024-06,33.0,79.46,36.87,5.0,Priority B,1.0,False,Volatility,0.1844,0.7631,0.1887,36.0,A
TALARA 220,2024,6,2024-06,220.0,79.25,36.77,6.0,Priority B,1.0,False,Volatility,0.1842,0.7629,0.1887,36.0,A
TALARA13.2,2024,6,2024-06,13.2,78.66,36.57,8.0,Priority B,1.0,False,Volatility,0.1839,0.7625,0.1886,36.0,A
JAEN 138,2024,6,2024-06,138.0,76.12,36.37,10.0,Priority B,1.0,False,Volatility,0.1547,0.1889,0.1367,36.0,A
GALLITO CIEGO 60,2024,6,2024-06,60.0,74.67,36.27,11.0,Priority B,1.0,False,Volatility,0.1554,0.188,0.1366,36.0,A
PARIAC 66,2024,6,2024-06,66.0,69.02,35.86,15.0,Priority B,1.0,False,Volatility,0.1555,0.1833,0.1351,36.0,A
BELAUNDE 138,2024,6,2024-06,138.0,68.12,34.82,23.0,Priority B,1.0,False,Volatility,0.1542,0.1868,0.1334,36.0,A
HUAYLLACHO 15,2024,6,2024-06,15.0,68.49,34.61,25.0,Priority A,1.0,False,Price level,0.163,0.2026,0.1274,36.0,A
SAN ANTONIO 15,2024,6,2024-06,15.0,68.08,34.34,27.0,Priority B,1.0,False,Price level,0.1628,0.2024,0.1273,36.0,A
SAN IGNACIO 15,2024,6,2024-06,15.0,68.08,34.34,27.0,Priority B,1.0,False,Price level,0.1628,0.2024,0.1273,36.0,A
TINTAYA EXISTENTE 138,2024,6,2024-06,138.0,68.16,33.86,31.0,Priority B,1.0,False,Price level,0.1584,0.1981,0.1242,36.0,A
TINTAYA NUEVA 220,2024,6,2024-06,220.0,67.84,33.64,33.0,Priority B,1.0,False,Price level,0.158,0.1975,0.1239,36.0,A
MISAPUQUIO 33,2024,6,2024-06,33.0,66.75,32.64,42.0,Priority B,1.0,False,Price level,0.1575,0.1969,0.1235,36.0,A
JULIACA10,2024,6,2024-06,10.0,66.64,32.42,44.0,Priority B,1.0,False,Price level,0.1575,0.1969,0.1233,36.0,A
HUAYLLACHO 15,2024,7,2024-07,15.0,81.53,49.74,2.0,Priority A,1.0,False,Volatility,0.1671,0.2047,0.1119,37.0,A
SAN ANTONIO 15,2024,7,2024-07,15.0,81.06,49.54,3.0,Priority B,1.0,False,Volatility,0.1669,0.2045,0.1118,37.0,A
SAN IGNACIO 15,2024,7,2024-07,15.0,81.06,49.54,3.0,Priority B,1.0,False,Volatility,0.1669,0.2045,0.1118,37.0,A
JULIACA10,2024,7,2024-07,10.0,79.45,49.34,4.0,Priority B,1.0,False,Volatility,0.1619,0.1977,0.1102,37.0,A
TINTAYA EXISTENTE 138,2024,7,2024-07,138.0,78.46,48.94,7.0,Priority B,1.0,False,Volatility,0.1628,0.1981,0.1104,37.0,A
TINTAYA NUEVA 220,2024,7,2024-07,220.0,77.8,48.8,8.0,Priority B,1.0,False,Volatility,0.1625,0.1976,0.1103,37.0,A
MISAPUQUIO 33,2024,7,2024-07,33.0,76.93,47.99,14.0,Priority B,1.0,False,Volatility,0.1616,0.1967,0.11,37.0,A
BELAUNDE 138,2024,7,2024-07,138.0,59.68,41.68,57.0,Priority B,1.0,False,Price level,0.1437,0.189,0.0312,37.0,A
PLANTAETANOL 60,2024,7,2024-07,60.0,60.1,41.52,58.0,Priority A,1.0,False,Price level,0.1466,0.1939,0.0295,37.0,A
JAEN 138,2024,7,2024-07,138.0,57.72,41.36,59.0,Priority B,1.0,False,Price level,0.1425,0.1901,0.029,37.0,A
GALLITO CIEGO 60,2024,7,2024-07,60.0,58.58,41.04,61.0,Priority B,1.0,False,Price level,0.1435,0.1901,0.0289,37.0,A
NCTUMBES60,2024,7,2024-07,60.0,55.38,40.88,62.0,Priority A,1.0,False,Price level,0.1429,0.1903,0.0291,37.0,A
ZORRITOS 220,2024,7,2024-07,220.0,54.87,40.72,63.0,Priority A,1.0,False,Price level,0.1427,0.19,0.0291,37.0,A
GE1 33,2024,7,2024-07,33.0,53.43,40.56,64.0,Priority B,1.0,False,Price level,0.141,0.1877,0.0288,37.0,A
TALARA 220,2024,7,2024-07,220.0,53.41,40.39,65.0,Priority B,1.0,False,Price level,0.1411,0.1878,0.0287,37.0,A
TALARA13.2,2024,7,2024-07,13.2,52.81,40.07,67.0,Priority B,1.0,False,Price level,0.1408,0.1874,0.0287,37.0,A
PIURA OESTE 220,2024,7,2024-07,220.0,53.2,39.9,68.0,Priority B,1.0,False,Price level,0.1414,0.1879,0.0286,37.0,A
PARIAC 66,2024,7,2024-07,66.0,54.03,38.73,74.0,Priority B,1.0,False,critical_windows,0.142,0.1868,0.0283,37.0,A
HUAYLLACHO 15,2024,8,2024-08,15.0,81.05,52.7,1.0,Priority A,1.0,False,Price level,0.1558,0.2029,0.1384,37.0,A
SAN ANTONIO 15,2024,8,2024-08,15.0,80.91,52.49,2.0,Priority B,1.0,False,Price level,0.1557,0.2027,0.1384,37.0,A
SAN IGNACIO 15,2024,8,2024-08,15.0,80.91,52.49,2.0,Priority B,1.0,False,Price level,0.1557,0.2027,0.1384,37.0,A
TINTAYA EXISTENTE 138,2024,8,2024-08,138.0,81.08,52.28,3.0,Priority B,1.0,False,Price level,0.1521,0.1975,0.1366,37.0,A
TINTAYA NUEVA 220,2024,8,2024-08,220.0,80.35,51.85,5.0,Priority B,1.0,False,Price level,0.1517,0.197,0.1365,37.0,A
JULIACA10,2024,8,2024-08,10.0,79.32,51.71,6.0,Priority B,1.0,False,Price level,0.1514,0.1974,0.1365,37.0,A
MISAPUQUIO 33,2024,8,2024-08,33.0,77.2,50.99,11.0,Priority B,1.0,False,Volatility,0.1508,0.1954,0.136,37.0,A
PLANTAETANOL 60,2024,8,2024-08,60.0,63.25,44.11,55.0,Priority A,1.0,False,Price level,0.1303,0.1651,0.022,37.0,A
JAEN 138,2024,8,2024-08,138.0,63.14,43.94,56.0,Priority B,1.0,False,Price level,0.127,0.1619,0.0215,37.0,A
BELAUNDE 138,2024,8,2024-08,138.0,62.34,43.6,58.0,Priority B,1.0,False,Price level,0.1268,0.1606,0.0225,37.0,A
GALLITO CIEGO 60,2024,8,2024-08,60.0,61.89,43.43,59.0,Priority B,1.0,False,Price level,0.1266,0.1599,0.0214,37.0,A
NCTUMBES60,2024,8,2024-08,60.0,60.92,43.26,60.0,Priority A,1.0,False,Price level,0.1267,0.1607,0.0214,37.0,A
ZORRITOS 220,2024,8,2024-08,220.0,60.13,43.09,61.0,Priority A,1.0,False,Price level,0.1265,0.1604,0.0213,37.0,A
PIURA OESTE 220,2024,8,2024-08,220.0,59.4,42.92,62.0,Priority B,1.0,False,Price level,0.1251,0.1587,0.021,37.0,A
GE1 33,2024,8,2024-08,33.0,57.8,42.22,66.0,Priority B,1.0,False,Price level,0.1249,0.1584,0.0209,37.0,A
PARIAC 66,2024,8,2024-08,66.0,58.95,42.04,67.0,Priority B,1.0,False,critical_windows,0.125,0.1577,0.0204,37.0,A
TALARA 220,2024,8,2024-08,220.0,57.57,41.69,69.0,Priority B,1.0,False,Price level,0.125,0.1586,0.0209,37.0,A
TALARA13.2,2024,8,2024-08,13.2,56.74,41.15,72.0,Priority B,1.0,False,Price level,0.1247,0.1582,0.0209,37.0,A
HUAYLLACHO 15,2024,9,2024-09,15.0,79.0,77.78,2.0,Priority A,1.0,False,Volatility,0.1535,0.1743,0.1192,36.0,A
SAN ANTONIO 15,2024,9,2024-09,15.0,78.85,77.48,3.0,Priority B,1.0,False,Volatility,0.1534,0.1741,0.1192,36.0,A
SAN IGNACIO 15,2024,9,2024-09,15.0,78.85,77.48,3.0,Priority B,1.0,False,Volatility,0.1534,0.1741,0.1192,36.0,A
TINTAYA EXISTENTE 138,2024,9,2024-09,138.0,77.71,77.18,4.0,Priority B,1.0,False,Volatility,0.1495,0.1684,0.1176,36.0,A
TINTAYA NUEVA 220,2024,9,2024-09,220.0,77.29,76.98,5.0,Priority B,1.0,False,Volatility,0.1491,0.168,0.1175,36.0,A
JULIACA10,2024,9,2024-09,10.0,76.64,76.58,7.0,Priority B,1.0,False,Volatility,0.1488,0.1681,0.1173,36.0,A
MISAPUQUIO 33,2024,9,2024-09,33.0,76.42,76.38,8.0,Priority B,1.0,False,Volatility,0.1485,0.167,0.1171,36.0,A
PLANTAETANOL 60,2024,9,2024-09,60.0,67.99,67.81,48.0,Priority A,1.0,False,Price level,0.1333,0.1676,0.022,36.0,A
BELAUNDE 138,2024,9,2024-09,138.0,66.47,67.36,50.0,Priority B,1.0,False,Price level,0.1309,0.165,0.0228,36.0,A
JAEN 138,2024,9,2024-09,138.0,65.91,67.13,51.0,Priority B,1.0,False,Price level,0.1315,0.1665,0.0217,36.0,A
GALLITO CIEGO 60,2024,9,2024-09,60.0,65.46,66.67,53.0,Priority B,1.0,False,Price level,0.1312,0.1655,0.0214,36.0,A
NCTUMBES60,2024,9,2024-09,60.0,64.63,65.97,56.0,Priority A,1.0,False,Price level,0.1306,0.1642,0.0213,36.0,A
ZORRITOS 220,2024,9,2024-09,220.0,64.03,65.73,57.0,Priority A,1.0,False,Price level,0.1304,0.164,0.0213,36.0,A
GE1 33,2024,9,2024-09,33.0,62.14,64.55,62.0,Priority B,1.0,False,Price level,0.1289,0.162,0.021,36.0,A
TALARA 220,2024,9,2024-09,220.0,61.74,64.07,64.0,Priority B,1.0,False,Price level,0.1289,0.1621,0.0209,36.0,A
PIURA OESTE 220,2024,9,2024-09,220.0,61.09,63.59,66.0,Priority B,1.0,False,Price level,0.129,0.1622,0.0209,36.0,A
TALARA13.2,2024,9,2024-09,13.2,60.61,63.1,68.0,Priority B,1.0,False,Price level,0.1287,0.1618,0.0209,36.0,A
PARIAC 66,2024,9,2024-09,66.0,57.5,60.35,78.0,Priority B,1.0,False,Price level,0.1287,0.1608,0.0207,36.0,A
HUAYLLACHO 15,2024,10,2024-10,15.0,80.71,89.06,3.0,Priority A,1.0,False,Price level,0.1395,0.1991,0.0303,37.0,A
PLANTAETANOL 60,2024,10,2024-10,60.0,82.38,88.82,4.0,Priority A,1.0,False,Price level,0.1383,0.1939,0.0294,37.0,A
SAN ANTONIO 15,2024,10,2024-10,15.0,80.52,88.47,5.0,Priority B,1.0,False,Price level,0.1394,0.1989,0.0303,37.0,A
SAN IGNACIO 15,2024,10,2024-10,15.0,80.52,88.47,5.0,Priority B,1.0,False,Price level,0.1394,0.1989,0.0303,37.0,A
JULIACA10,2024,10,2024-10,10.0,77.68,88.12,6.0,Priority B,1.0,False,Price level,0.1349,0.1926,0.0295,37.0,A
JAEN 138,2024,10,2024-10,138.0,78.76,87.88,7.0,Priority B,1.0,False,Price level,0.1354,0.1911,0.0292,37.0,A
GALLITO CIEGO 60,2024,10,2024-10,60.0,79.7,87.65,8.0,Priority B,1.0,False,Price level,0.135,0.1902,0.029,37.0,A
BELAUNDE 138,2024,10,2024-10,138.0,77.98,87.17,10.0,Priority B,1.0,False,Price level,0.1339,0.1874,0.0291,37.0,A
NCTUMBES60,2024,10,2024-10,60.0,78.96,86.93,11.0,Priority A,1.0,False,Price level,0.1351,0.1902,0.029,37.0,A
TINTAYA EXISTENTE 138,2024,10,2024-10,138.0,75.77,86.69,12.0,Priority B,1.0,False,Price level,0.1355,0.1929,0.0294,37.0,A
ZORRITOS 220,2024,10,2024-10,220.0,78.2,86.45,13.0,Priority A,1.0,False,Price level,0.1349,0.1899,0.0289,37.0,A
TINTAYA NUEVA 220,2024,10,2024-10,220.0,75.9,86.21,14.0,Priority B,1.0,False,Price level,0.1351,0.1924,0.0294,37.0,A
GE1 33,2024,10,2024-10,33.0,74.88,84.26,22.0,Priority B,1.0,False,Price level,0.1333,0.1878,0.0287,37.0,A
MISAPUQUIO 33,2024,10,2024-10,33.0,72.44,83.77,24.0,Priority B,1.0,False,Stress premium,0.1347,0.1914,0.0292,37.0,A
TALARA 220,2024,10,2024-10,220.0,74.3,83.27,26.0,Priority B,1.0,False,Price level,0.1334,0.1877,0.0286,37.0,A
PIURA OESTE 220,2024,10,2024-10,220.0,73.92,83.02,27.0,Priority B,1.0,False,Price level,0.1336,0.1876,0.0285,37.0,A
TALARA13.2,2024,10,2024-10,13.2,73.38,82.77,28.0,Priority B,1.0,False,Price level,0.1332,0.1875,0.0286,37.0,A
PARIAC 66,2024,10,2024-10,66.0,58.72,69.1,76.0,Priority B,1.0,False,Stress premium,0.1318,0.1844,0.0276,37.0,A
PLANTAETANOL 60,2024,11,2024-11,60.0,79.25,97.18,1.0,Priority A,1.0,False,Price level,0.1206,0.1607,0.0208,36.0,A
NCTUMBES60,2024,11,2024-11,60.0,78.53,96.93,2.0,Priority A,1.0,False,Price level,0.1188,0.1583,0.0206,36.0,A
ZORRITOS 220,2024,11,2024-11,220.0,78.01,96.69,3.0,Priority A,1.0,False,Price level,0.1186,0.158,0.0205,36.0,A
JAEN 138,2024,11,2024-11,138.0,76.5,96.44,4.0,Priority B,1.0,False,Price level,0.1198,0.1597,0.0209,36.0,A
PIURA OESTE 220,2024,11,2024-11,220.0,76.32,95.68,7.0,Priority B,1.0,False,Price level,0.1176,0.1569,0.0203,36.0,A
VALLE DEL CHIRA 220,2024,11,2024-11,220.0,75.12,95.18,9.0,Priority B,1.0,False,Price level,0.1176,0.1567,0.0203,36.0,A
TALARA13.2,2024,11,2024-11,13.2,74.02,94.67,11.0,Priority B,1.0,False,Price level,0.1172,0.1558,0.0203,36.0,A
TALARA 220,2024,11,2024-11,220.0,74.09,94.42,12.0,Priority B,1.0,False,Price level,0.1173,0.156,0.0203,36.0,A
HUAYLLACHO 15,2024,11,2024-11,15.0,74.23,93.9,14.0,Priority A,1.0,False,Price level,0.1223,0.1637,0.0211,36.0,A
GE1 33,2024,11,2024-11,33.0,73.66,93.65,15.0,Priority B,1.0,False,Price level,0.1171,0.1558,0.0202,36.0,A
SAN ANTONIO 15,2024,11,2024-11,15.0,73.85,93.26,16.0,Priority B,1.0,False,Price level,0.1222,0.1636,0.0211,36.0,A
SAN IGNACIO 15,2024,11,2024-11,15.0,73.85,93.26,16.0,Priority B,1.0,False,Price level,0.1222,0.1636,0.0211,36.0,A
GALLITO CIEGO 60,2024,11,2024-11,60.0,73.57,92.87,17.0,Priority B,1.0,False,Price level,0.1181,0.1564,0.0202,36.0,A
BELAUNDE 138,2024,11,2024-11,138.0,73.52,92.09,19.0,Priority B,1.0,False,Price level,0.1176,0.1554,0.0203,36.0,A
JULIACA10,2024,11,2024-11,10.0,70.95,91.3,22.0,Priority B,1.0,False,Price level,0.1178,0.1575,0.0206,36.0,A
TINTAYA EXISTENTE 138,2024,11,2024-11,138.0,70.69,90.51,25.0,Priority B,1.0,False,Price level,0.1184,0.1581,0.0204,36.0,A
TINTAYA NUEVA 220,2024,11,2024-11,220.0,70.16,88.9,30.0,Priority B,1.0,False,Price level,0.118,0.1576,0.0204,36.0,A
MISAPUQUIO 33,2024,11,2024-11,33.0,67.02,85.02,43.0,Priority B,1.0,False,Price level,0.1181,0.1573,0.0202,36.0,A
PARIAC 66,2024,11,2024-11,66.0,56.03,75.41,74.0,Priority B,1.0,False,Stress premium,0.115,0.1506,0.019,36.0,A
NCTUMBES60,2024,12,2024-12,60.0,80.7,74.54,1.0,Priority A,1.0,False,Volatility,0.1216,0.156,0.1319,37.25,A
PLANTAETANOL 60,2024,12,2024-12,60.0,80.56,74.35,2.0,Priority A,1.0,False,Volatility,0.1228,0.1567,0.1324,37.25,A
ZORRITOS 220,2024,12,2024-12,220.0,80.27,74.15,3.0,Priority A,1.0,False,Volatility,0.1214,0.1557,0.1318,37.25,A
VALLE DEL CHIRA 220,2024,12,2024-12,220.0,79.56,73.96,4.0,Priority B,1.0,False,Volatility,0.1204,0.1536,0.1318,37.25,A
PIURA OESTE 220,2024,12,2024-12,220.0,79.19,73.77,5.0,Priority B,1.0,False,Volatility,0.1203,0.1532,0.1318,37.25,A
TALARA 220,2024,12,2024-12,220.0,79.14,73.58,6.0,Priority B,1.0,False,Volatility,0.1203,0.1535,0.1316,37.25,A
GE1 33,2024,12,2024-12,33.0,78.87,73.19,8.0,Priority B,1.0,False,Volatility,0.1202,0.1537,0.1315,37.25,A
TALARA13.2,2024,12,2024-12,13.2,78.42,73.0,9.0,Priority B,1.0,False,Volatility,0.1201,0.1533,0.1316,37.25,A
JAEN 138,2024,12,2024-12,138.0,77.68,72.61,11.0,Priority B,1.0,False,Volatility,0.1184,0.154,0.1232,37.25,A
GALLITO CIEGO 60,2024,12,2024-12,60.0,76.76,72.22,13.0,Priority B,1.0,False,Volatility,0.1191,0.1512,0.1309,37.25,A
BELAUNDE 138,2024,12,2024-12,138.0,72.6,68.8,30.0,Priority B,1.0,False,Volatility,0.1139,0.1506,0.1063,37.25,A
PARIAC 66,2024,12,2024-12,66.0,71.58,68.18,33.0,Priority B,1.0,False,Volatility,0.1144,0.1463,0.1214,37.25,A
SAN ANTONIO 15,2024,12,2024-12,15.0,61.42,63.78,53.0,Priority B,1.0,False,Price level,0.0977,0.1448,0.0375,37.25,A
SAN IGNACIO 15,2024,12,2024-12,15.0,61.42,63.78,53.0,Priority B,1.0,False,Price level,0.0977,0.1448,0.0375,37.25,A
HUAYLLACHO 15,2024,12,2024-12,15.0,61.36,63.44,54.0,Priority A,1.0,False,Price level,0.0977,0.1448,0.0375,37.25,A
MISAPUQUIO 33,2024,12,2024-12,33.0,60.05,62.99,56.0,Priority B,1.0,False,Price level,0.0967,0.143,0.0372,37.25,A
JULIACA10,2024,12,2024-12,10.0,59.11,62.77,57.0,Priority B,1.0,False,Price level,0.0945,0.1406,0.0365,37.25,A
TINTAYA EXISTENTE 138,2024,12,2024-12,138.0,59.39,62.54,58.0,Priority B,1.0,False,Price level,0.095,0.1408,0.0366,37.25,A
TINTAYA NUEVA 220,2024,12,2024-12,220.0,59.15,62.32,59.0,Priority B,1.0,False,Price level,0.0948,0.1404,0.0365,37.25,A
PLANTAETANOL 60,2025,1,2025-01,60.0,87.06,28.87,1.0,Priority A,1.0,False,Volatility,0.1468,0.7548,0.1784,37.0,A
NCTUMBES60,2025,1,2025-01,60.0,86.91,28.79,2.0,Priority A,1.0,False,Volatility,0.1435,0.734,0.1739,37.0,A
ZORRITOS 220,2025,1,2025-01,220.0,86.38,28.72,3.0,Priority A,1.0,False,Volatility,0.1433,0.7335,0.1737,37.0,A
VALLE DEL CHIRA 220,2025,1,2025-01,220.0,85.74,28.65,4.0,Priority B,1.0,False,Volatility,0.1419,0.7301,0.1727,37.0,A
PIURA OESTE 220,2025,1,2025-01,220.0,84.99,28.57,5.0,Priority B,1.0,False,Volatility,0.1417,0.73,0.1726,37.0,A
TALARA 220,2025,1,2025-01,220.0,84.86,28.5,6.0,Priority B,1.0,False,Volatility,0.1417,0.7285,0.1724,37.0,A
GE1 33,2025,1,2025-01,33.0,84.26,28.35,8.0,Priority B,1.0,False,Volatility,0.1416,0.7277,0.1721,37.0,A
TALARA13.2,2025,1,2025-01,13.2,83.92,28.27,9.0,Priority B,1.0,False,Volatility,0.1415,0.727,0.172,37.0,A
GALLITO CIEGO 60,2025,1,2025-01,60.0,79.97,27.51,18.0,Priority B,1.0,False,Volatility,0.1378,0.707,0.168,37.0,A
HUAYLLACHO 15,2025,1,2025-01,15.0,75.83,27.2,22.0,Priority A,1.0,False,Volatility,0.1414,0.6157,0.1726,37.0,A
SAN ANTONIO 15,2025,1,2025-01,15.0,75.64,27.08,23.0,Priority B,1.0,False,Volatility,0.1413,0.6155,0.1726,37.0,A
SAN IGNACIO 15,2025,1,2025-01,15.0,75.64,27.08,23.0,Priority B,1.0,False,Volatility,0.1413,0.6155,0.1726,37.0,A
JAEN 138,2025,1,2025-01,138.0,72.88,26.88,25.0,Priority B,1.0,False,Price level,0.1335,0.686,0.1683,37.0,A
BELAUNDE 138,2025,1,2025-01,138.0,72.28,26.81,26.0,Priority B,1.0,False,Price level,0.1351,0.645,0.1655,37.0,A
MISAPUQUIO 33,2025,1,2025-01,33.0,72.9,26.65,28.0,Priority B,1.0,False,Price level,0.1401,0.6129,0.1711,37.0,A
PARIAC 66,2025,1,2025-01,66.0,72.1,26.57,29.0,Priority B,1.0,False,Price level,0.1341,0.6739,0.1632,37.0,A
JULIACA10,2025,1,2025-01,10.0,71.94,26.49,30.0,Priority B,1.0,False,Volatility,0.137,0.5986,0.1669,37.0,A
TINTAYA EXISTENTE 138,2025,1,2025-01,138.0,71.37,26.41,31.0,Priority B,1.0,False,Volatility,0.1378,0.6035,0.168,37.0,A
TINTAYA NUEVA 220,2025,1,2025-01,220.0,71.3,26.33,32.0,Priority B,1.0,False,Volatility,0.1373,0.6013,0.1674,37.0,A
PLANTAETANOL 60,2025,2,2025-02,60.0,84.52,23.57,1.0,Priority A,1.0,False,Price level,0.1184,0.1849,0.0923,33.5,A
NCTUMBES60,2025,2,2025-02,60.0,82.8,23.51,2.0,Priority A,1.0,False,Volatility,0.1162,0.1819,0.0899,33.5,A
ZORRITOS 220,2025,2,2025-02,220.0,82.37,23.45,3.0,Priority A,1.0,False,Volatility,0.116,0.1815,0.0898,33.5,A
GE1 33,2025,2,2025-02,33.0,80.44,23.39,4.0,Priority B,1.0,False,Price level,0.1148,0.1792,0.0892,33.5,A
TALARA 220,2025,2,2025-02,220.0,79.63,23.27,6.0,Priority B,1.0,False,Price level,0.1147,0.179,0.0889,33.5,A
VALLE DEL CHIRA 220,2025,2,2025-02,220.0,79.53,23.21,7.0,Priority B,1.0,False,Price level,0.1145,0.1792,0.0888,33.5,A
HUAYLLACHO 15,2025,2,2025-02,15.0,79.25,23.15,8.0,Priority A,1.0,False,Price level,0.1118,0.1607,0.0888,33.5,A
SAN ANTONIO 15,2025,2,2025-02,15.0,79.01,23.05,9.0,Priority B,1.0,False,Price level,0.1117,0.1606,0.0887,33.5,A
SAN IGNACIO 15,2025,2,2025-02,15.0,79.01,23.05,9.0,Priority B,1.0,False,Price level,0.1117,0.1606,0.0887,33.5,A
PIURA OESTE 220,2025,2,2025-02,220.0,78.48,22.96,10.0,Priority B,1.0,False,Price level,0.1142,0.1788,0.0886,33.5,A
MISAPUQUIO 33,2025,2,2025-02,33.0,77.9,22.9,11.0,Priority B,1.0,False,Volatility,0.1108,0.16,0.0883,33.5,A
TALARA13.2,2025,2,2025-02,13.2,77.36,22.84,12.0,Priority B,1.0,False,Price level,0.1146,0.179,0.0887,33.5,A
TINTAYA EXISTENTE 138,2025,2,2025-02,138.0,74.0,22.34,20.0,Priority B,1.0,False,Price level,0.1094,0.1581,0.0873,33.5,A
GALLITO CIEGO 60,2025,2,2025-02,60.0,71.07,22.27,21.0,Priority B,1.0,False,Price level,0.1102,0.1731,0.0848,33.5,A
TINTAYA NUEVA 220,2025,2,2025-02,220.0,73.56,22.08,24.0,Priority B,1.0,False,Price level,0.1091,0.1575,0.087,33.5,A
JULIACA10,2025,2,2025-02,10.0,73.27,22.02,25.0,Priority B,1.0,False,Price level,0.1089,0.1569,0.0868,33.5,A
PARIAC 66,2025,2,2025-02,66.0,65.95,20.55,47.0,Priority B,1.0,False,Price level,0.1047,0.1555,0.0846,33.5,A
BELAUNDE 138,2025,2,2025-02,138.0,62.28,19.56,61.0,Priority B,1.0,False,Price level,0.1058,0.162,0.0853,33.5,A
JAEN 138,2025,2,2025-02,138.0,59.51,18.52,75.0,Priority B,1.0,False,Price level,0.1038,0.1601,0.0888,33.5,A
PLANTAETANOL 60,2025,3,2025-03,60.0,84.95,47.14,1.0,Priority A,1.0,False,Volatility,0.1292,0.1872,0.1404,37.0,A
NCTUMBES60,2025,3,2025-03,60.0,85.54,47.01,2.0,Priority A,1.0,False,Price level,0.1274,0.1825,0.1374,37.0,A
ZORRITOS 220,2025,3,2025-03,220.0,84.68,46.89,3.0,Priority A,1.0,False,Price level,0.1272,0.1821,0.1373,37.0,A
GE1 33,2025,3,2025-03,33.0,83.1,46.64,5.0,Priority B,1.0,False,Price level,0.1258,0.1805,0.1361,37.0,A
VALLE DEL CHIRA 220,2025,3,2025-03,220.0,82.85,46.51,6.0,Priority B,1.0,False,Price level,0.1257,0.1797,0.136,37.0,A
TALARA 220,2025,3,2025-03,220.0,82.47,46.38,7.0,Priority B,1.0,False,Price level,0.1258,0.1798,0.136,37.0,A
TALARA13.2,2025,3,2025-03,13.2,82.11,46.25,8.0,Priority B,1.0,False,Price level,0.1257,0.1797,0.1358,37.0,A
PIURA OESTE 220,2025,3,2025-03,220.0,80.96,46.13,9.0,Priority B,1.0,False,Price level,0.1254,0.1793,0.1357,37.0,A
JAEN 138,2025,3,2025-03,138.0,79.36,45.74,12.0,Priority B,1.0,False,Price level,0.1227,0.179,0.1302,37.0,A
BELAUNDE 138,2025,3,2025-03,138.0,76.01,45.09,17.0,Priority B,1.0,False,Price level,0.1207,0.1773,0.1251,37.0,A
GALLITO CIEGO 60,2025,3,2025-03,60.0,74.0,44.96,18.0,Priority B,1.0,False,Volatility,0.1207,0.1741,0.1312,37.0,A
PARIAC 66,2025,3,2025-03,66.0,72.69,44.16,24.0,Priority B,1.0,False,Volatility,0.1178,0.1756,0.1297,37.0,A
HUAYLLACHO 15,2025,3,2025-03,15.0,72.98,43.89,26.0,Priority A,1.0,False,Price level,0.1201,0.1844,0.1248,37.0,A
SAN ANTONIO 15,2025,3,2025-03,15.0,72.77,43.56,28.0,Priority B,1.0,False,Price level,0.12,0.1843,0.1247,37.0,A
SAN IGNACIO 15,2025,3,2025-03,15.0,72.77,43.56,28.0,Priority B,1.0,False,Price level,0.12,0.1843,0.1247,37.0,A
MISAPUQUIO 33,2025,3,2025-03,33.0,69.0,43.08,31.0,Priority B,1.0,False,Price level,0.119,0.1821,0.124,36.5,A
TINTAYA EXISTENTE 138,2025,3,2025-03,138.0,71.63,42.94,32.0,Priority B,1.0,False,Price level,0.118,0.1805,0.1231,37.0,A
TINTAYA NUEVA 220,2025,3,2025-03,220.0,70.66,42.67,34.0,Priority B,1.0,False,Price level,0.1176,0.1799,0.1227,37.0,A
JULIACA10,2025,3,2025-03,10.0,69.57,42.25,37.0,Priority B,1.0,False,Price level,0.1173,0.1795,0.1221,37.0,A
PLANTAETANOL 60,2025,4,2025-04,60.0,83.1,72.65,1.0,Priority A,1.0,False,Price level,0.086,0.1481,0.0682,36.0,A
NCTUMBES60,2025,4,2025-04,60.0,82.13,72.29,3.0,Priority A,1.0,False,Price level,0.0854,0.1471,0.068,36.0,A
ZORRITOS 220,2025,4,2025-04,220.0,81.58,72.11,4.0,Priority A,1.0,False,Price level,0.0856,0.1473,0.068,36.0,A
SAN ANTONIO 15,2025,4,2025-04,15.0,83.05,71.83,5.0,Priority B,1.0,False,Price level,0.0833,0.1513,0.069,36.0,A
SAN IGNACIO 15,2025,4,2025-04,15.0,83.05,71.83,5.0,Priority B,1.0,False,Price level,0.0833,0.1513,0.069,36.0,A
HUAYLLACHO 15,2025,4,2025-04,15.0,82.97,71.56,6.0,Priority A,1.0,False,Price level,0.0833,0.1513,0.069,36.0,A
VALLE DEL CHIRA 220,2025,4,2025-04,220.0,80.33,71.38,7.0,Priority B,1.0,False,Price level,0.0846,0.1455,0.0672,36.0,A
TALARA 220,2025,4,2025-04,220.0,79.73,71.2,8.0,Priority B,1.0,False,Price level,0.0846,0.1454,0.0672,36.0,A
PIURA OESTE 220,2025,4,2025-04,220.0,78.88,70.83,10.0,Priority B,1.0,False,Price level,0.0844,0.1451,0.0671,36.0,A
MISAPUQUIO 33,2025,4,2025-04,33.0,79.65,70.64,11.0,Priority B,1.0,False,Price level,0.0825,0.1494,0.0681,36.0,A
TALARA13.2,2025,4,2025-04,13.2,78.56,70.46,12.0,Priority B,1.0,False,Price level,0.0845,0.1451,0.0671,36.0,A
GE1 33,2025,4,2025-04,33.0,77.75,70.27,13.0,Priority B,1.0,False,Price level,0.0845,0.1453,0.0671,36.0,A
JULIACA10,2025,4,2025-04,10.0,79.02,70.09,14.0,Priority B,1.0,False,Price level,0.0811,0.1474,0.0671,36.0,A
TINTAYA EXISTENTE 138,2025,4,2025-04,138.0,79.25,69.9,15.0,Priority B,1.0,False,Price level,0.0815,0.1478,0.0673,36.0,A
TINTAYA NUEVA 220,2025,4,2025-04,220.0,78.17,69.71,16.0,Priority B,1.0,False,Price level,0.0813,0.1472,0.0671,36.0,A
JAEN 138,2025,4,2025-04,138.0,70.05,64.86,41.0,Priority B,1.0,False,Price level,0.0823,0.1452,0.0661,36.0,A
BELAUNDE 138,2025,4,2025-04,138.0,67.75,63.64,46.0,Priority B,1.0,False,Price level,0.0823,0.1443,0.0651,36.0,A
GALLITO CIEGO 60,2025,4,2025-04,60.0,65.77,61.97,54.0,Priority B,1.0,False,Stress premium,0.081,0.1411,0.0642,36.0,A
PARIAC 66,2025,4,2025-04,66.0,63.8,60.05,63.0,Priority B,1.0,False,Price level,0.0811,0.1407,0.0638,36.0,A
PLANTAETANOL 60,2025,5,2025-05,60.0,84.0,84.98,1.0,Priority A,1.0,False,Price level,0.1397,0.7563,0.165,37.0,A
ZORRITOS 220,2025,5,2025-05,220.0,85.32,84.77,2.0,Priority A,1.0,False,Price level,0.1385,0.7561,0.1646,37.0,A
VALLE DEL CHIRA 220,2025,5,2025-05,220.0,84.74,84.55,3.0,Priority B,1.0,False,Price level,0.1374,0.7535,0.1644,37.0,A
TALARA13.2,2025,5,2025-05,13.2,84.16,84.34,4.0,Priority B,1.0,False,Price level,0.1373,0.7535,0.1644,37.0,A
GE1 33,2025,5,2025-05,33.0,84.98,83.9,6.0,Priority B,1.0,False,Price level,0.1372,0.7531,0.1643,37.0,A
NCTUMBES60,2025,5,2025-05,60.0,84.16,83.69,7.0,Priority A,1.0,False,Price level,0.1373,0.7533,0.1643,37.0,A
TALARA 220,2025,5,2025-05,220.0,84.12,83.47,8.0,Priority B,1.0,False,Price level,0.1373,0.7533,0.1643,37.0,A
PIURA OESTE 220,2025,5,2025-05,220.0,83.56,83.25,9.0,Priority B,1.0,False,Price level,0.1372,0.7528,0.1643,37.0,A
BELAUNDE 138,2025,5,2025-05,138.0,78.73,82.15,14.0,Priority B,1.0,False,Price level,0.1159,0.144,0.1532,37.0,A
GALLITO CIEGO 60,2025,5,2025-05,60.0,78.43,81.7,16.0,Priority B,1.0,False,Price level,0.109,0.1438,0.1086,37.0,A
JAEN 138,2025,5,2025-05,138.0,77.54,81.25,18.0,Priority B,1.0,False,Price level,0.1094,0.146,0.1102,37.0,A
PARIAC 66,2025,5,2025-05,66.0,71.24,78.28,31.0,Priority B,1.0,False,Price level,0.108,0.1403,0.1051,37.0,A
HUAYLLACHO 15,2025,5,2025-05,15.0,62.33,72.98,53.0,Priority A,1.0,False,Price level,0.0953,0.1433,0.0363,37.0,A
SAN ANTONIO 15,2025,5,2025-05,15.0,62.25,72.6,54.0,Priority B,1.0,False,Price level,0.0953,0.1433,0.0363,37.0,A
SAN IGNACIO 15,2025,5,2025-05,15.0,62.25,72.6,54.0,Priority B,1.0,False,Price level,0.0953,0.1433,0.0363,37.0,A
MISAPUQUIO 33,2025,5,2025-05,33.0,61.17,71.72,57.0,Priority B,1.0,False,Price level,0.0944,0.1415,0.0359,37.0,A
JULIACA10,2025,5,2025-05,10.0,59.49,70.95,60.0,Priority B,1.0,False,Price level,0.0912,0.1374,0.0351,37.0,A
TINTAYA EXISTENTE 138,2025,5,2025-05,138.0,59.63,70.69,61.0,Priority B,1.0,False,Price level,0.0927,0.1388,0.0353,37.0,A
TINTAYA NUEVA 220,2025,5,2025-05,220.0,58.7,70.17,63.0,Priority B,1.0,False,Price level,0.0923,0.1384,0.0352,37.0,A
SAN IGNACIO 15,2025,6,2025-06,15.0,66.45,56.79,3.0,Priority B,0.8,False,Price level,0.1096,0.1501,0.0224,36.0,A
HUAYLLACHO 15,2025,6,2025-06,15.0,65.85,56.64,4.0,Priority A,0.8,False,Price level,0.1093,0.1495,0.0224,36.0,A
SAN ANTONIO 15,2025,6,2025-06,15.0,65.62,56.48,5.0,Priority B,0.8,False,Price level,0.1092,0.1494,0.0224,36.0,A
JAEN 138,2025,6,2025-06,138.0,63.79,56.33,6.0,Priority B,0.8,False,Price level,0.1088,0.1488,0.0217,36.0,A
PLANTAETANOL 60,2025,6,2025-06,60.0,64.07,56.03,8.0,Priority A,0.8,False,Price level,0.1113,0.1502,0.0217,36.0,A
PARIAC 66,2025,6,2025-06,66.0,65.43,55.87,9.0,Priority B,0.8,False,Price level,0.116,0.1546,0.0221,36.0,A
TINTAYA EXISTENTE 138,2025,6,2025-06,138.0,62.02,55.72,10.0,Priority B,0.8,False,Price level,0.1083,0.1482,0.0221,36.0,A
MISAPUQUIO 33,2025,6,2025-06,33.0,62.9,55.57,11.0,Priority B,0.8,False,Price level,0.1097,0.1503,0.0222,36.0,A
BELAUNDE 138,2025,6,2025-06,138.0,62.82,54.94,15.0,Priority B,0.8,False,Price level,0.1094,0.148,0.0214,36.0,A
TINTAYA NUEVA 220,2025,6,2025-06,220.0,61.16,54.79,16.0,Priority B,0.8,False,Price level,0.1079,0.1476,0.022,36.0,A
JULIACA10,2025,6,2025-06,10.0,60.6,54.63,17.0,Priority B,0.8,False,Price level,0.1074,0.1472,0.0221,36.0,A
ZORRITOS 220,2025,6,2025-06,220.0,61.1,53.36,25.0,Priority A,0.8,False,Price level,0.1092,0.1497,0.0215,36.0,A
TALARA13.2,2025,6,2025-06,13.2,59.64,52.06,33.0,Priority B,0.8,False,Price level,0.1084,0.148,0.0213,36.0,A
GALLITO CIEGO 60,2025,6,2025-06,60.0,61.08,51.89,34.0,Priority B,0.8,False,Price level,0.1099,0.1475,0.0211,36.0,A
NCTUMBES60,2025,6,2025-06,60.0,59.59,51.65,35.0,Priority A,0.8,False,Price level,0.1084,0.1479,0.0213,36.0,A
TALARA 220,2025,6,2025-06,220.0,59.59,51.65,35.0,Priority B,0.8,False,Price level,0.1084,0.1479,0.0213,36.0,A
GE1 33,2025,6,2025-06,33.0,58.8,50.89,39.0,Priority B,0.8,False,Price level,0.1081,0.1477,0.0212,36.0,A
VALLE DEL CHIRA 220,2025,6,2025-06,220.0,58.66,50.38,42.0,Priority B,0.8,False,Price level,0.1084,0.1476,0.0213,36.0,A
PIURA OESTE 220,2025,6,2025-06,220.0,57.84,49.7,46.0,Priority B,0.8,False,Price level,0.1083,0.1474,0.0212,36.0,A
JAEN 138,2025,7,2025-07,138.0,65.95,72.18,3.0,Priority B,0.8,False,Price level,0.1117,0.1465,0.0151,37.0,A
BELAUNDE 138,2025,7,2025-07,138.0,65.2,71.22,8.0,Priority B,0.8,False,Price level,0.1123,0.1469,0.015,37.0,A
SAN IGNACIO 15,2025,7,2025-07,15.0,64.37,70.84,10.0,Priority B,0.8,False,Price level,0.1135,0.1472,0.0149,37.0,A
PLANTAETANOL 60,2025,7,2025-07,60.0,63.03,70.64,11.0,Priority A,0.8,False,Price level,0.114,0.1483,0.0148,37.0,A
HUAYLLACHO 15,2025,7,2025-07,15.0,64.08,70.45,12.0,Priority A,0.8,False,Price level,0.1132,0.1468,0.0149,37.0,A
SAN ANTONIO 15,2025,7,2025-07,15.0,63.75,70.25,13.0,Priority B,0.8,False,Price level,0.1131,0.1468,0.0149,37.0,A
GALLITO CIEGO 60,2025,7,2025-07,60.0,61.41,69.47,17.0,Priority B,0.8,False,Price level,0.1126,0.1471,0.0148,37.0,A
PARIAC 66,2025,7,2025-07,66.0,61.92,69.27,18.0,Priority B,0.8,False,Price level,0.1196,0.1552,0.0155,37.0,A
TINTAYA EXISTENTE 138,2025,7,2025-07,138.0,63.22,69.07,19.0,Priority B,0.8,False,Volatility,0.1125,0.1459,0.0147,37.0,A
TINTAYA NUEVA 220,2025,7,2025-07,220.0,62.74,68.87,20.0,Priority B,0.8,False,Volatility,0.1121,0.1455,0.0147,37.0,A
JULIACA10,2025,7,2025-07,10.0,60.1,67.47,27.0,Priority B,0.8,False,Volatility,0.1116,0.1448,0.0146,37.0,A
MISAPUQUIO 33,2025,7,2025-07,33.0,60.85,67.26,28.0,Priority B,0.8,False,Volatility,0.1136,0.1472,0.0148,37.0,A
ZORRITOS 220,2025,7,2025-07,220.0,56.07,64.98,39.0,Priority A,0.8,False,Price level,0.1106,0.1435,0.0143,37.0,A
GE1 33,2025,7,2025-07,33.0,54.3,61.74,52.0,Priority B,0.8,False,Price level,0.1101,0.1424,0.0141,37.0,A
VALLE DEL CHIRA 220,2025,7,2025-07,220.0,52.74,61.07,55.0,Priority B,0.8,False,Price level,0.1097,0.1425,0.0142,37.0,A
NCTUMBES60,2025,7,2025-07,60.0,52.56,60.73,56.0,Priority A,0.8,False,Price level,0.1098,0.1423,0.0141,37.0,A
TALARA 220,2025,7,2025-07,220.0,52.56,60.73,56.0,Priority B,0.8,False,Price level,0.1098,0.1423,0.0141,37.0,A
PIURA OESTE 220,2025,7,2025-07,220.0,51.74,59.7,60.0,Priority B,0.8,False,Price level,0.1097,0.1425,0.0142,37.0,A
TALARA13.2,2025,7,2025-07,13.2,51.24,59.01,63.0,Priority B,0.8,False,Price level,0.1096,0.142,0.0141,37.0,A
ZORRITOS 220,2025,8,2025-08,220.0,83.23,83.33,1.0,Priority A,1.0,False,Price level,0.1333,0.1656,0.1018,37.0,A
GE1 33,2025,8,2025-08,33.0,82.37,82.92,3.0,Priority B,1.0,False,Price level,0.1332,0.1661,0.102,37.0,A
NCTUMBES60,2025,8,2025-08,60.0,83.54,82.6,4.0,Priority A,1.0,False,Price level,0.1323,0.1642,0.1016,37.0,A
TALARA 220,2025,8,2025-08,220.0,83.54,82.6,4.0,Priority B,1.0,False,Price level,0.1323,0.1642,0.1016,37.0,A
TALARA13.2,2025,8,2025-08,13.2,82.9,82.29,5.0,Priority B,1.0,False,Price level,0.1323,0.1643,0.1016,37.0,A
VALLE DEL CHIRA 220,2025,8,2025-08,220.0,81.18,82.07,6.0,Priority B,1.0,False,Price level,0.1321,0.164,0.1016,37.0,A
PIURA OESTE 220,2025,8,2025-08,220.0,80.86,81.86,7.0,Priority B,1.0,False,Price level,0.1318,0.1635,0.1014,37.0,A
GALLITO CIEGO 60,2025,8,2025-08,60.0,80.99,81.65,8.0,Priority B,1.0,False,Price level,0.1338,0.1667,0.0991,37.0,A
JAEN 138,2025,8,2025-08,138.0,80.07,81.22,10.0,Priority B,1.0,False,Price level,0.1333,0.1701,0.0935,37.0,A
PARIAC 66,2025,8,2025-08,66.0,80.68,79.71,16.0,Priority B,1.0,False,Price level,0.1398,0.1766,0.0887,37.0,A
PLANTAETANOL 60,2025,8,2025-08,60.0,78.39,79.28,18.0,Priority A,1.0,False,Price level,0.1356,0.1701,0.1023,37.0,A
BELAUNDE 138,2025,8,2025-08,138.0,78.67,78.4,22.0,Priority B,1.0,False,Price level,0.1319,0.1677,0.0877,37.0,A
HUAYLLACHO 15,2025,8,2025-08,15.0,59.93,69.22,61.0,Priority A,1.0,False,Price level,0.1169,0.1617,0.0238,37.0,A
SAN ANTONIO 15,2025,8,2025-08,15.0,59.34,68.84,62.0,Priority B,1.0,False,Price level,0.1169,0.1616,0.0238,37.0,A
SAN IGNACIO 15,2025,8,2025-08,15.0,59.34,68.84,62.0,Priority B,1.0,False,Price level,0.1169,0.1616,0.0238,37.0,A
MISAPUQUIO 33,2025,8,2025-08,33.0,56.96,66.93,69.0,Priority B,1.0,False,Price level,0.1174,0.1614,0.0236,37.0,A
TINTAYA EXISTENTE 138,2025,8,2025-08,138.0,55.23,66.14,72.0,Priority B,1.0,False,Price level,0.116,0.1605,0.0235,37.0,A
JULIACA10,2025,8,2025-08,10.0,54.5,65.88,73.0,Priority B,1.0,False,Price level,0.1153,0.1597,0.0236,37.0,A
TINTAYA NUEVA 220,2025,8,2025-08,220.0,54.37,65.09,76.0,Priority B,1.0,False,Price level,0.1156,0.16,0.0234,37.0,A
JAEN 138,2025,9,2025-09,138.0,62.63,81.85,3.0,Priority B,0.8,False,Price level,0.1128,0.1607,0.0185,36.0,A
JULIACA10,2025,9,2025-09,10.0,64.69,81.63,4.0,Priority B,0.8,False,Volatility,0.1096,0.153,0.0191,36.0,A
HUAYLLACHO 15,2025,9,2025-09,15.0,62.05,81.42,5.0,Priority A,0.8,False,Volatility,0.111,0.1543,0.0192,36.0,A
SAN ANTONIO 15,2025,9,2025-09,15.0,61.66,80.88,7.0,Priority B,0.8,False,Volatility,0.111,0.1542,0.0192,36.0,A
SAN IGNACIO 15,2025,9,2025-09,15.0,61.66,80.88,7.0,Priority B,0.8,False,Volatility,0.111,0.1542,0.0192,36.0,A
TINTAYA EXISTENTE 138,2025,9,2025-09,138.0,64.07,80.55,8.0,Priority B,0.8,False,Volatility,0.1104,0.1548,0.0192,36.0,A
BELAUNDE 138,2025,9,2025-09,138.0,60.75,79.67,12.0,Priority B,0.8,False,Price level,0.112,0.1595,0.0182,36.0,A
TINTAYA NUEVA 220,2025,9,2025-09,220.0,63.28,79.45,13.0,Priority B,0.8,False,Volatility,0.1099,0.1543,0.0192,36.0,A
GALLITO CIEGO 60,2025,9,2025-09,60.0,59.29,78.79,16.0,Priority B,0.8,False,Price level,0.1117,0.1599,0.0182,36.0,A
MISAPUQUIO 33,2025,9,2025-09,33.0,60.17,77.44,22.0,Priority B,0.8,False,Volatility,0.1114,0.1561,0.0191,36.0,A
PARIAC 66,2025,9,2025-09,66.0,59.95,77.21,23.0,Priority B,0.8,False,Price level,0.12,0.1706,0.0194,36.0,A
ZORRITOS 220,2025,9,2025-09,220.0,56.51,75.61,30.0,Priority A,0.8,False,Price level,0.1104,0.1574,0.0181,36.0,A
GE1 33,2025,9,2025-09,33.0,56.38,75.38,31.0,Priority B,0.8,False,Price level,0.1095,0.1571,0.0181,36.0,A
VALLE DEL CHIRA 220,2025,9,2025-09,220.0,56.78,74.2,36.0,Priority B,0.8,False,Price level,0.1095,0.1562,0.0179,36.0,A
PLANTAETANOL 60,2025,9,2025-09,60.0,57.54,73.49,38.0,Priority A,0.8,False,Price level,0.1092,0.1558,0.0179,36.0,A
PIURA OESTE 220,2025,9,2025-09,220.0,55.8,70.82,48.0,Priority B,0.8,False,Price level,0.1094,0.1557,0.0179,36.0,A
NCTUMBES60,2025,9,2025-09,60.0,54.25,69.44,53.0,Priority A,0.8,False,Price level,0.1095,0.1561,0.0179,36.0,A
TALARA 220,2025,9,2025-09,220.0,54.25,69.44,53.0,Priority B,0.8,False,Price level,0.1095,0.1561,0.0179,36.0,A
TALARA13.2,2025,9,2025-09,13.2,54.5,69.06,54.0,Priority B,0.8,False,Price level,0.1094,0.1561,0.0179,36.0,A
JAEN 138,2025,10,2025-10,138.0,66.02,65.28,1.0,Priority B,0.8,False,Price level,0.0994,0.1352,0.0161,37.0,A
GALLITO CIEGO 60,2025,10,2025-10,60.0,63.86,64.43,5.0,Priority B,0.8,False,Price level,0.1,0.1351,0.0155,37.0,A
HUAYLLACHO 15,2025,10,2025-10,15.0,61.82,64.09,7.0,Priority A,0.8,False,Price level,0.0963,0.1306,0.0168,37.0,A
SAN ANTONIO 15,2025,10,2025-10,15.0,61.44,63.83,8.0,Priority B,0.8,False,Price level,0.0962,0.1305,0.0168,37.0,A
SAN IGNACIO 15,2025,10,2025-10,15.0,61.44,63.83,8.0,Priority B,0.8,False,Price level,0.0962,0.1305,0.0168,37.0,A
ZORRITOS 220,2025,10,2025-10,220.0,61.45,63.22,11.0,Priority A,0.8,False,Price level,0.0995,0.1327,0.0152,37.0,A
BELAUNDE 138,2025,10,2025-10,138.0,60.73,62.87,13.0,Priority B,0.8,False,Price level,0.0989,0.1339,0.0155,37.0,A
GE1 33,2025,10,2025-10,33.0,60.73,61.99,18.0,Priority B,0.8,False,Price level,0.0991,0.1317,0.0151,37.0,A
TINTAYA EXISTENTE 138,2025,10,2025-10,138.0,60.18,61.63,20.0,Priority B,0.8,False,Price level,0.0947,0.1286,0.0163,37.0,A
PLANTAETANOL 60,2025,10,2025-10,60.0,60.03,61.27,22.0,Priority A,0.8,False,Price level,0.0986,0.1319,0.0151,37.0,A
VALLE DEL CHIRA 220,2025,10,2025-10,220.0,60.16,60.36,27.0,Priority B,0.8,False,Price level,0.0986,0.1316,0.015,37.0,A
PARIAC 66,2025,10,2025-10,66.0,61.26,60.18,28.0,Priority B,0.8,False,Price level,0.1045,0.1396,0.0159,37.0,A
TINTAYA NUEVA 220,2025,10,2025-10,220.0,59.51,59.99,29.0,Priority B,0.8,False,Volatility,0.0943,0.1282,0.0163,37.0,A
NCTUMBES60,2025,10,2025-10,60.0,58.68,58.97,34.0,Priority A,0.8,False,Price level,0.0988,0.1317,0.015,37.0,A
TALARA 220,2025,10,2025-10,220.0,58.68,58.97,34.0,Priority B,0.8,False,Price level,0.0988,0.1317,0.015,37.0,A
PIURA OESTE 220,2025,10,2025-10,220.0,59.0,58.69,35.0,Priority B,0.8,False,Price level,0.0983,0.1314,0.015,37.0,A
JULIACA10,2025,10,2025-10,10.0,55.9,58.5,36.0,Priority B,0.8,False,Volatility,0.093,0.1269,0.0162,37.0,A
MISAPUQUIO 33,2025,10,2025-10,33.0,59.73,57.93,39.0,Priority B,0.8,False,Volatility,0.0966,0.1302,0.0164,37.0,A
TALARA13.2,2025,10,2025-10,13.2,58.21,57.55,41.0,Priority B,0.8,False,Price level,0.0987,0.1315,0.015,37.0,A
JAEN 138,2025,11,2025-11,138.0,64.18,58.66,4.0,Priority B,0.8,False,Price level,0.1003,0.1383,0.0152,36.0,A
HUAYLLACHO 15,2025,11,2025-11,15.0,63.41,58.22,7.0,Priority A,0.8,False,Price level,0.0977,0.1352,0.0152,36.0,A
SAN ANTONIO 15,2025,11,2025-11,15.0,63.08,58.0,8.0,Priority B,0.8,False,Price level,0.0977,0.1351,0.0152,36.0,A
SAN IGNACIO 15,2025,11,2025-11,15.0,63.08,58.0,8.0,Priority B,0.8,False,Price level,0.0977,0.1351,0.0152,36.0,A
BELAUNDE 138,2025,11,2025-11,138.0,62.01,57.62,10.0,Priority B,0.8,False,Price level,0.0996,0.1357,0.0146,36.0,A
GALLITO CIEGO 60,2025,11,2025-11,60.0,60.91,57.47,11.0,Priority B,0.8,False,Price level,0.0995,0.1363,0.0148,36.0,A
ZORRITOS 220,2025,11,2025-11,220.0,61.07,57.17,13.0,Priority A,0.8,False,Price level,0.0998,0.1358,0.0145,36.0,A
VALLE DEL CHIRA 220,2025,11,2025-11,220.0,60.76,56.87,15.0,Priority B,0.8,False,Price level,0.0991,0.135,0.0145,36.0,A
PIURA OESTE 220,2025,11,2025-11,220.0,60.64,56.72,16.0,Priority B,0.8,False,Price level,0.0989,0.1347,0.0145,36.0,A
PLANTAETANOL 60,2025,11,2025-11,60.0,62.42,56.11,20.0,Priority A,0.8,False,Price level,0.0986,0.1336,0.0142,36.0,A
GE1 33,2025,11,2025-11,33.0,59.23,54.08,32.0,Priority B,0.8,False,Price level,0.099,0.1347,0.0144,36.0,A
NCTUMBES60,2025,11,2025-11,60.0,59.42,53.84,33.0,Priority A,0.8,False,Price level,0.0991,0.1347,0.0144,36.0,A
TALARA 220,2025,11,2025-11,220.0,59.42,53.84,33.0,Priority B,0.8,False,Price level,0.0991,0.1347,0.0144,36.0,A
TINTAYA EXISTENTE 138,2025,11,2025-11,138.0,58.69,53.6,34.0,Priority B,0.8,False,Volatility,0.0959,0.1324,0.0148,36.0,A
PARIAC 66,2025,11,2025-11,66.0,60.41,53.44,35.0,Priority B,0.8,False,Price level,0.1052,0.1428,0.0151,36.0,A
TALARA13.2,2025,11,2025-11,13.2,58.86,53.28,36.0,Priority B,0.8,False,Price level,0.0991,0.1345,0.0143,36.0,A
TINTAYA NUEVA 220,2025,11,2025-11,220.0,58.05,52.79,39.0,Priority B,0.8,False,Volatility,0.0956,0.1319,0.0148,36.0,A
JULIACA10,2025,11,2025-11,10.0,56.7,52.3,42.0,Priority B,0.8,False,Volatility,0.0941,0.13,0.0148,36.0,A
MISAPUQUIO 33,2025,11,2025-11,33.0,59.39,51.64,46.0,Priority B,0.8,False,Volatility,0.0981,0.1348,0.015,36.0,A
ZORRITOS 220,2025,12,2025-12,220.0,79.34,33.25,2.0,Priority A,1.0,False,Price level,0.142,0.1701,0.0634,37.0,A
VALLE DEL CHIRA 220,2025,12,2025-12,220.0,78.04,33.16,3.0,Priority B,1.0,False,Price level,0.1412,0.1689,0.0634,37.0,A
JAEN 138,2025,12,2025-12,138.0,77.68,33.08,4.0,Priority B,1.0,False,Price level,0.1443,0.1749,0.0593,37.0,A
GALLITO CIEGO 60,2025,12,2025-12,60.0,76.58,32.91,6.0,Priority B,1.0,False,Price level,0.1402,0.1685,0.0625,37.0,A
PIURA OESTE 220,2025,12,2025-12,220.0,77.87,32.82,7.0,Priority B,1.0,False,Price level,0.1411,0.1684,0.0634,37.0,A
GE1 33,2025,12,2025-12,33.0,77.42,32.73,8.0,Priority B,1.0,False,Price level,0.141,0.1687,0.0633,37.0,A
NCTUMBES60,2025,12,2025-12,60.0,77.56,32.6,9.0,Priority A,1.0,False,Price level,0.1411,0.1689,0.0633,37.0,A
TALARA 220,2025,12,2025-12,220.0,77.56,32.6,9.0,Priority B,1.0,False,Price level,0.1411,0.1689,0.0633,37.0,A
PLANTAETANOL 60,2025,12,2025-12,60.0,77.3,32.47,10.0,Priority A,1.0,False,Price level,0.1425,0.1683,0.0631,37.0,A
PARIAC 66,2025,12,2025-12,66.0,76.87,32.38,11.0,Priority B,1.0,False,Price level,0.149,0.1815,0.0539,37.0,A
TALARA13.2,2025,12,2025-12,13.2,75.82,32.3,12.0,Priority B,1.0,False,Price level,0.1409,0.1687,0.0633,37.0,A
BELAUNDE 138,2025,12,2025-12,138.0,74.41,31.32,23.0,Priority B,1.0,False,Price level,0.1416,0.1701,0.0544,37.0,A
MISAPUQUIO 33,2025,12,2025-12,33.0,63.5,27.97,57.0,Priority B,1.0,False,Price level,0.1433,0.1827,0.0244,37.0,A
HUAYLLACHO 15,2025,12,2025-12,15.0,58.4,27.66,60.0,Priority A,1.0,False,Price level,0.1329,0.1692,0.0225,37.0,A
SAN ANTONIO 15,2025,12,2025-12,15.0,52.9,27.41,62.0,Priority B,1.0,False,Price level,0.1327,0.1691,0.0225,36.5,A
SAN IGNACIO 15,2025,12,2025-12,15.0,52.9,27.41,62.0,Priority B,1.0,False,Price level,0.1327,0.1691,0.0225,36.5,A
TINTAYA NUEVA 220,2025,12,2025-12,220.0,53.19,25.64,78.0,Priority B,1.0,False,Price level,0.1285,0.1635,0.0217,37.0,A
TINTAYA EXISTENTE 138,2025,12,2025-12,138.0,53.05,25.53,79.0,Priority B,1.0,False,Price level,0.129,0.1641,0.0218,37.0,A
JULIACA10,2025,12,2025-12,10.0,51.19,24.63,87.0,Priority B,1.0,False,Price level,0.1261,0.1603,0.0215,37.0,A
